"Speaker","Text","Page"
"Die drei ???","und das Bergmonster (14)","1"
"Die drei ???","Die   drei    ???","1"
"Die drei ???","und   das   Bergmonster","1"
"Die drei ???","Hörspielskript von Graf Zahl","1"
"REGIE","Titelmusik","1"
"Erzähler","Patrick und Kenneth, die beiden irischen Gehilfen von Titus Jonas, beschlossen, ihre","1"
"Erzähler","Kusine Kathleen, die sie seit ihrer Kindheit nicht mehr gesehen hatten, zu besuchen.","1"
"Erzähler","Justus, Peter und Bob waren dabei. Sie wollten jedoch nicht in Kathleens Pension","1"
"Erzähler","wohnen sondern in der freien Natur zelten. Also sie bei der Pension Kathy eintrafen,","1"
"Erzähler","schien niemand da zu sein.","1"
"REGIE","Vogelzwitschern","1"
"REGIE","Türöffnen","1"
"Patrick","Kathy? Bis Du zuhause?","1"
"REGIE","Türschließen","1"
"REGIE","Schritte","1"
"Kenneth","Hm, nicht da. Na, dann warten wir eben. Sie wird schon kommen.","1"
"Justus","Ihr hättet ihr vielleicht doch einen Brief schreiben sollen, Ken, um sie über euren Be-","1"
"Justus","such zu informieren.","1"
"Kenneth","Wenn wir das getan hätten, wäre der Spaß nur halb so groß gewesen, Just.","1"
"REGIE","Türoffnen","1"
"Kenneth","Oho!","1"
"Peter","Was gibt's denn, Kenneth?","1"
"Kenneth","Jeder hat eben seine Schwächen, sogar unsere vorbildliche Kusine Kathleen.","1"
"Patrick","Kathy, Kathy, damit werden wir dich noch aufziehen. (lacht) Schaut euch das Büro der","1"
"Patrick","perfekten Hausfrau an.","1"
"Peter","Vielleicht solltet ihr da lieber nicht reinschauen. Meine Mutter fährt jedesmal aus der","1"
"Peter","Haut, wenn ich an ihren Schreibtisch oder an ihre Handtasche gehe.","1"
"Patrick","Just, Bob, (stutzt) Peter, ich glaube hier stimmt was nicht.","1"
"Justus","(interessiert) Was denn, Patrick?","1"
"Peter","Du hast Recht, Patrick. Schritte Jemand hat das Büro durchsucht.","1"
"Justus","Ja! Scheint so. Und zwar einer der entweder sehr unvorsichtig war oder es sehr eilig","1"
"Justus","hatte.","1"
"REGIE","Türquietschen","1"
"Joe","HammondHey, was habt ihr hier zu schaffen?","1"
"Die drei ???","und das Bergmonster (14)","2"
"Peter","Mann, der hat ein Gewehr!","2"
"Joe","HammondNa los, raus mit der Sprache, was wollt ihr hier?","2"
"Kenneth","Wer ... wer sind Sie?","2"
"Joe","HammondWas wollt ihr hier? Könnt ihr nicht sehen, daß das ein Privatzimmer ist?","2"
"Justus","Einen Augenblick! Vielleicht sind Sie so liebenswürdig, sich zu erklären.","2"
"Joe","Hammond(verständnislos) Was?","2"
"Justus","Es hat den Anschein, als sei diese Örtlichkeit durchsucht worden. Es dürfte die Polizei","2"
"Justus","interessieren, zu erfahren, was Sie hier wollen und warum Sie so flink ein Gewehr im","2"
"Justus","Anschlag haben.","2"
"Joe","HammondIhr wollt die Polizei rufen?","2"
"Justus","Das erscheint mir ratsam. Andererseits wäre es vielleicht klüger, die Rückkehr von","2"
"Justus","Miss O'Hara abzuwarten und ihr die Anzeige zu überlassen.","2"
"Joe","HammondMiss O'Hara? (lacht) Das muß ich euch wohl einiges erklären.","2"
"REGIE","Türgeräusch","2"
"REGIE","Vogelzwitschern","2"
"Kenneth","Da kommt sie ja! Kusine Kathleen!","2"
"Joe","HammondKusine?","2"
"Kenneth","Du ... du bist doch Kusine Kathleen?","2"
"Joe","HammondLieber Himmel! Dann seid ihr Patrick und Kenneth aus Rocky Beach. Warum habt ihr","2"
"Joe","denn nichts gesagt? Ich hätte fast auf euch geschossen.","2"
"Kenneth","Sie sind ein Freund von Kathleen?","2"
"Joe","HammondSo kann man es auch nennen. (vorwurfsvoll) Kathleen, Du hast deinen Vettern nicht","2"
"Joe","geschrieben. Du hattest mir versprochen, ihnen zu schreiben, ehe wir nach Lake","2"
"Joe","Tahoe fahren.","2"
"Joe","Mrs HammondKommt, laßt Euch begrüßen! Es ist solange her, daß ich euch gesehen habe.","2"
"Kenneth","(lacht) Ach, laß Dich umarmen, Kusine.","2"
"Kenneth","Mrs Hammond(lacht)","2"
"Kenneth","Bist Du hübsch geworden. Mein Gott, ist das lange her, daß wir uns gesehen haben.","2"
"Kenneth","Ein richtig großes Mädchen bist du geworden. (lacht)","2"
"Kenneth","Mrs HammondVon diesen fixen Jungen habt ihr mir ja geschrieben. Justus, Peter und Bob, nicht","2"
"Kenneth","wahr?","2"
"Kenneth","Weißt du was? Laß uns doch einfach mal in unserer Heimatsprache reden. Ich hätte","2"
"Kenneth","große Lust dazu.","2"
"Kenneth","Mrs Hammond(bedauernd) Oh, bitte, wir wollen nicht gälisch reden. Das versteht mein Mann nicht,","2"
"Kenneth","und auf ihn wollen wir doch Rücksicht nehmen.","2"
"Die drei ???","und das Bergmonster (14)","3"
"Kenneth","Dein Mann?","3"
"Patrick","Äh, Kathy, wann hast Du ...","3"
"Joe","HammondVorige Woche. Kathleen und ich haben vorige Woche in Lake Tahoe geheiratet. Mein","3"
"Joe","Name ist Joe Hammond.","3"
"Patrick","(lacht) Das ist eine Überraschung!","3"
"Kenneth","Herzlichen Glückwunsch!","3"
"Justus","Herzlichen Glückwunsch!","3"
"Kenneth","Kathy verheiratet. Wer hätte das gedacht?","3"
"Kenneth","Mrs Hammond(lacht)","3"
"Kenneth","(singt) Hoch soll sie leben, hoch soll sie leben.","3"
"Patrick","(singt mit)","3"
"Patrick","Justus, Peter,","3"
"Bob","(singen den letzen Teil) Dreimal hoch!","3"
"REGIE","Musik","3"
"Joe","HammondNichts für ungut, daß ich euch mit dem Gewehr bedroht habe.","3"
"Joe","Kathy, deine Verwandtshaft sah sich gerade dein Büro an.","3"
"Justus","Hier muß jemand eingedrungen sein, während sie weg waren. Er hat den Raum","3"
"Justus","durchsucht.","3"
"Justus","Mrs HammondAch, das ist komisch. Patrick und Kenneth haben mir geschrieben, daß du ein Detektiv","3"
"Justus","bist.","3"
"Justus","Nein, nein, nicht böse sein. Ich finde, Du bist ein guter Detektiv. Du hast Recht. Dieses","3"
"Justus","Zimmer ist durchsucht worden. Mein Mann und ich haben es durchsucht.","3"
"Justus","Sie?","3"
"Justus","Mrs HammondJa, ich hab einen Schlüssel verlegt. Ich weiß nicht mehr, wo er ist. Es ist ein wichtiger","3"
"Justus","Schlüssel und ich muß ihn finden. Also hab ich ihn überall gesucht","3"
"Peter","Vielleicht können wir helfen. Oder wenigstens Justus. Er hat einen besondern Spür-","3"
"Peter","sinn dafür, wo Leute ihre Sachen hinstecken.","3"
"Bob","Ich darf ihnen mal unsere Karte geben, ja?","3"
"Bob","Mrs Hammond Gern, Bob. Danke. Hm, die drei Detektive, drei Fragezeichen, wir übernehmen jeden","3"
"Bob","Fall. Erster Detektiv Justus Jonas, Zweiter Detektiv Peter Shaw, Recherchen und Ar-","3"
"Bob","chiv Bob Andrews. Sehr hübsch.","3"
"Justus","Vielen Dank. Die Fragezeichen auf der Karte sind ein Symbol für das Unbekannte,","3"
"Justus","dem wir stets gern auf der Fährte sind.","3"
"Joe","HammondFührt der Junge immer solche Reden?","3"
"Die drei ???","und das Bergmonster (14)","4"
"Patrick","Sie meinen so hochgestochen? (lacht) Ja, meistens. Lassen sie ihn nach dem Schlüs-","4"
"Patrick","sel suchen, er findet ihn bestimmt.","4"
"Joe","HammondNicht nötig, Danke.","4"
"Joe","Kathleen, wir haben unsere Hochzeit noch gar nicht gefeiert. Jetzt sind deine Vettern","4"
"Joe","hier, da sollten wir es nachholen.","4"
"Joe","Mrs HammondNun ... (zögert) Ja!","4"
"Joe","HammondWir feiern gemütlich im kleinen Rahmen. Dabei bleibt es. Wir treffen uns zum Abend-","4"
"Joe","brot. Packt eure Sachen aus uns zieht endlich ein. Ich zeige euch die Zimmer.","4"
"Justus","Peter, Bob und ich zelten. Das haben wir uns fest vorgenommen. Dabei bleiben wir","4"
"Justus","auch.","4"
"Peter","Hm.","4"
"Joe","HammondDas kann ich verstehen, Jungs. Nirgendwo könnte es schöner sein als hier in der Ge-","4"
"Joe","gend. Wenn ich Junge wäre, würde ich auch zelten.","4"
"REGIE","Musik","4"
"Erzähler","Am Abendessen nahmen auch die beiden einzigen Pensionsgäste teil, Mr. Smathers","4"
"Erzähler","und Mr. Jensen. Zwei Männer, die fortwährend miteinander stritten und Gemütlichkeit","4"
"Erzähler","nicht aufkommen ließen. Mr. Smathers war ein Naturfreund, der sich weigerte, Fleisch","4"
"Erzähler","zu essen. Er verabscheute den Berufsfotografen Mr. Jensen, dem nichts wichtiger zu","4"
"Erzähler","sein schien, als ein gutes Stück Fleisch.","4"
"REGIE","Geschirr- und Besteckgeräusche","4"
"Erzähler","Smathers  (abfällig) Rindfleisch!","4"
"Jensen","Bitte keine Vorträge. (ärgerlich) Ich finde Roastbeef köstlich und ich würde es begrü-","4"
"Jensen","ßen, wenn sich mich nicht jedesmal zum Mörder stempelten, sobald ich die Gabel zur","4"
"Jensen","Hand nehme.","4"
"Jensen","Smathers  Die Tiere sind unsere Freunde, und Freunde fressen sich nicht gegenseitig auf.","4"
"Jensen","Mrs HammondDie Kuh, die uns freundlicherweise das Abendessen lieferte, kannte ich ja nicht per-","4"
"Jensen","sönlich. Machen wir uns ihretwegen keine Sorgen.","4"
"Jensen","Für Sie, Mr. Smathers, hab ich Rahmspinat, rohgeriebene Karotten und Weizenkeime.","4"
"Jensen","Smathers  (erfreut) Ausgezeichnet!","4"
"Justus","Haben Sie für den Gasthof einen Anbau geplant? Ich habe hinter dem Haus eine Gru-","4"
"Justus","be gesehen. Ist es eine Baugrube für ein neues Gebäude?","4"
"Joe","HammondDas gibt ein Schwimmbecken.","4"
"Patrick","(skeptisch) Hm, hier ist es aber reichlich kühl zum Schwimmen.","4"
"Joe","HammondWir wärmen das Wasser auf.","4"
"REGIE","Geräusch von Blechmülltonnen","4"
"Joe","HammondEin Bär! Er wühlt die Mülltonne durch.","4"
"Die drei ???","und das Bergmonster (14)","5"
"REGIE","Stühlerücken, Aufstehen","5"
"Die drei ???","Smathers  Nicht! Unterstehen Sie sich, auf den Bären zu schießen!","5"
"Joe","Hammond(scharf) Lassen Sie mich, Smathers! Hier tue ich, was ich will!","5"
"REGIE","Türöffnen","5"
"REGIE","Vogelzwitschern","5"
"Joe","Smathers  Geh fort, schnell! (Schritte) Versteck Dich! Bleib hier weg!","5"
"REGIE","Knurren","5"
"Joe","HammondZur Seite, Mr. Smathers! Ich schieße!","5"
"REGIE","Knurren","5"
"Joe","Smathers  Nein, nein, nicht schießen! Nicht schießen!","5"
"REGIE","Schuß","5"
"Joe","HammondVerflucht!","5"
"Joe","Smathers  (schadenfroh) Vorbeigeschossen, wie?","5"
"Joe","Hammond(verärgert) Man sollte Sie windelweich prügeln!","5"
"Peter","(flüstert) Hast Du das Gewehr gesehen, Just?","5"
"Justus","(flüstert) Ein Betäubungsgewehr! Sonderbar. Warum rückt man einem Bären mit ei-","5"
"Justus","nem Betäubungsgewehr zuleibe, wenn es im Haus ein richtiges Gewehr gibt?","5"
"Bob","Eben. Die drei Detektive haben wieder einen neuen Fall","5"
"REGIE","Musik","5"
"Erzähler","Die drei Detektive zogen sich in ihr Zelt zurück, das sie unweit des Gasthofes aufge-","5"
"Erzähler","schlagen hatten.","5"
"Peter","Sag mal, was meinst Du damit, daß wir wieder einen Fall haben, Just?","5"
"Justus","Ich hab eben nochmal mit Patrick und Kenneth gesprochen. Die beiden wollen, daß","5"
"Justus","wir Kathleens frischgetrauten Ehemann unter die Lupe nehmen. Er ist ihnen nicht ge-","5"
"Justus","heuer.","5"
"REGIE","Zeltreißverschluß","5"
"Bob","So, zu. Mir ist der Bursche auch nicht sympathisch. (gähnt) Schießwütig ist er.","5"
"Justus","Und er benutzt ein Betäubungsgewehr um einen Bären zu verjagen. Das ist doch","5"
"Justus","unsinnig. Wozu hat er überhaupt ein Betäubungsgewehr?","5"
"Peter","(gähnt) Keine Ahnung.","5"
"Justus","Aber nicht das Betäubungsgewehr macht Patrick und Kenneth Sorgen, sondern das","5"
"Justus","Schwimmbecken. Sie haben Angst, daß ihre tüchtige Kusine einen Mann geheiratet","5"
"Justus","hat, der ihr Geld für sinnlose Pläne verplempert.","5"
"Die drei ???","und das Bergmonster (14)","6"
"Bob","He, seht mal! Da ist jemand in Kathleens Büro.","6"
"Justus","Das ist Mr. Hammond, er räumt auf.","6"
"Peter","Seltsam, daß Kathleen das nicht selber macht.","6"
"Justus","Ich bin ein wenig enttäuscht von ihr. Und Patrick und Kenneth auch. Sie sah nicht","6"
"Justus","gerade erfreut aus, als Hammond den beiden anbot, ein wenig zu feiern. Und sie","6"
"Justus","spricht nicht gälisch mit ihnen. Überhaupt redet sie nicht viel mit ihnen.","6"
"REGIE","Bärgeräusche","6"
"Peter","Moment mal! Da ist doch was!","6"
"Bob","Ich schau mal raus.","6"
"Bob","(Stoffgeräusche) Ah, Mist, klemmt. So.","6"
"REGIE","Grillenzirpen setzt ein","6"
"Peter","(erschrocken) Ein Bär!","6"
"Bob","(entsetzter Laut)","6"
"Justus","(ruhig) Ganz ruhig, nicht reizen.","6"
"Peter","(schreit) Hau ab!","6"
"Bob","Psst. Erschreck ihn doch nicht!","6"
"Peter","(erleichtert) Er trottet zum Gasthof rüber.","6"
"Justus","Er wühlt im Abfall.","6"
"REGIE","Geräusch von Mülltonnen","6"
"Justus","Da! Joe Hammond springt auf! Er rennt aus dem Büro!","6"
"REGIE","Heulen","6"
"Peter","Just, ein Blitz!","6"
"Justus","Jensen hat den Bär fotografiert. (schrei) Kommt!","6"
"REGIE","Schritte auf Kies","6"
"Justus","Der Bär haut ab! Kommt! Schnell!","6"
"Peter","(außer Atem) Ob Jensen verletzt ist?","6"
"Justus","Da liegt er!","6"
"Bob","Mr. Hammond, helfen Sie mir! Mir Jensen ist verletzt!","6"
"REGIE","Schritte","6"
"Joe","HammondSo ein Narr!","6"
"Joe","Smathers  Was ist denn hier los?","6"
"Die drei ???","und das Bergmonster (14)","7"
"Jensen","Jemand ... Jemand hat mich geschlagen.","7"
"Joe","HammondStehen Sie auf und sein Sie froh, daß Sie überhaupt noch atmen. Mancher, der von","7"
"Joe","einem Bären vertrimmt wurde, hat das nicht überlebt.","7"
"Jensen","Vertrimmt ist der richtige Ausdruck! Vertrimmt hat mich jemand! Aber nicht der Bär.","7"
"Jensen","Jemand hat sich von hinten angeschlichen und mir ins Genick gehauen.","7"
"Joe","HammondNun mal langsam. Da war ein Bär und sonst niemand.","7"
"Jensen","Ich hab den Bären von meinem Fenster aus gesehen. Da hab ich meine Kamera ge-","7"
"Jensen","holt und bin runtergegangen. Ich hatte ihn gerade im Sucher, als ich jemanden hinter","7"
"Jensen","mir hörte. Das Blitzlicht ging los und eine Sekunde darauf – Volltreffer ins Genick.","7"
"Jensen","Smathers  Blödsinn","7"
"Jensen","Sie, Mr. Smathers, Sie mit ihrem Tierfimmel, Sie waren das.","7"
"Joe","HammondKommen Sie, ich bringe Sie zu einem Arzt.","7"
"Jensen","Ich will keinen Arzt. Ich will die Polizei! Hier treibt sich ein Verbrecher herum, der un-","7"
"Jensen","schuldige Menschen anfällt.","7"
"Jensen","Smathers  Unschuldige Menschen sollten nachts um diese Zeit im Bett liegen und nicht mit Blitz-","7"
"Jensen","licht und Kamera andere Geschöpfe zu Tode erschrecken.","7"
"Jensen","Meine Kamera! Um Himmels Willen! Sie ist in zwei Teile zerbrochen! Sie Vandale!","7"
"Jensen","Smathers  (amüsiert) Wenn Sie ihre Kamera fallenlassen, geht sie eben kaputt.","7"
"Jensen","Ich geh ins Bett.","7"
"Joe","HammondSie wollen keinen Arzt?","7"
"Jensen","(verärgert) Brauch ich nicht! Und den Sheriff will ich nicht mehr! Nacht!","7"
"REGIE","Türgeräusche","7"
"Justus","Peter, Bob, kommt, wir gehen ins Zelt. Gute Nacht!","7"
"Peter","Nacht!","7"
"Bob","Gute Nacht.","7"
"Joe","HammondGute Nacht.","7"
"Joe","Smathers  Gute Nacht.","7"
"REGIE","Türgeräusche","7"
"Justus","Jensen hat Glück gehabt.","7"
"Peter","Nicht allzu viele Leute, die sich mit einem Bären anlegen, kommen so glimpflich da-","7"
"Peter","von. (überlegt) Es sei denn, das war am Ende gar kein Bär.","7"
"Justus","Du hast den gleichen Gedanken wie ich, Peter. Könnte ein Bär einen Schlag austei-","7"
"Justus","len, der einen Mann zu Boden wirft und betäubt dennoch nicht einmal eine Kratzer auf","7"
"Justus","der Haut hinterläßt?","7"
"Die drei ???","und das Bergmonster (14)","8"
"Peter","Nein.","8"
"Justus","Ich hab's gesehen. Die Haut in Jensen Genick war unverletzt.","8"
"Bob","Also, wer war es dann, wenn nicht der Bär?","8"
"Justus","Wir werden und morgen, wenn es hell ist, die Spuren ansehen. Dann wird es sich ja","8"
"Justus","zeigen, wer oder was Jensen den Schlag versetzt hat.","8"
"Erzähler","Bär oder Mensch? Das gilt es hearuszufinden.","8"
"REGIE","Musik","8"
"Erzähler","Am nächsten Morgen wartete eine herbe Enttäuschung auf die drei Detektive. Joe","8"
"Erzähler","Hammond war vor ihnen aufgestanden und hatte den Hof gefegt. Fußspuren waren","8"
"Erzähler","nicht mehr zu sehen. Obwohl Justus, Peter und Bob nichts sagten, merkte Kathleen","8"
"Erzähler","ihnen die Enttäuschung an. Um sie ein wenig aufzumuntern, erlaubte sie ihnen, nach","8"
"Erzähler","dem verlorenen Schlüssel zu suchen.","8"
"REGIE","Schritte","8"
"Justus","Hm, den Schlüssel haben wir nicht. Aber hier ist ein Notizbuch über Kathleens ge-","8"
"Justus","spartes Geld. (Papierrascheln) Darin ist vermerkt, daß sie 10.823 Dollar auf der Bank","8"
"Justus","hat.","8"
"Peter","Alle Achtung!","8"
"Justus","Also ist Kusine Kathleen doch recht wohlhabend. Bob, wir müssen den Schlüssel so","8"
"Justus","schnell wie möglich finden und dann vom Dorf aus deinen Vater anrufen. Er soll sich","8"
"Justus","mit der Kreditauskunftei in Reno verbinden lassen und fragen, ob es dort eine Akte","8"
"Justus","über Hammond gibt.","8"
"Peter","Du meinst, er hat es auf Kathleens Moneten abgesehen.","8"
"Justus","Das ist immerhin möglich.","8"
"REGIE","Türgeräusche","8"
"Justus","Pst, sie kommt.","8"
"Justus","Mrs Hammond(kommt näher) Na? Habt ihr den Schlüssel gefunden?","8"
"Justus","Leider nein. Erlauben Sie mir eine Frage? Ich hab hier kein Scheckbuch gesehen.","8"
"Justus","Mrs HammondIch hab gar kein Scheckbuch. Ich bezahl alles in bar.","8"
"Justus","Alles? (erstaunt) Ist das nicht zu riskant?","8"
"Justus","Mrs HammondIch hab mein Geld auf der Bank, in einem Schließfach im Tresorraum. Deshalb ist der","8"
"Justus","Schlüssel so wichtig. Ich muß bald Rechnungen bezahlen, und dazu brauche ich","8"
"Justus","Geld.","8"
"Justus","Haben Sie denn keine Angst, daß man Sie überfällt und Ihnen das Geld stiehlt?","8"
"Justus","Mrs Hammond(überzeugt) Überhaupt nicht! Ich glaube, mein Mann würde jeden erschießen, der das","8"
"Justus","wagen sollte.","8"
"Die drei ???","und das Bergmonster (14)","9"
"Peter","Kein Zweifel. Das täte er glatt.","9"
"Justus","Ja.","9"
"Erzähler","Die drei Detektive suchten den Tresorschlüssel weiter. Dabei stellten sie fast das gan-","9"
"Erzähler","ze Haus auf den Kopf. Jedoch vergeblich, der Schlüssel war nicht aufzufinden. Da","9"
"Erzähler","sich kein Erfolg einstellen wollte, beschlossen Justus, Bob und Peter, sich in der Um-","9"
"Erzähler","gebung des Gasthofs umzusehen.","9"
"REGIE","Vogelzwitschern, Kuckuck (ganze Szene)","9"
"Bob","Ich möchte wissen, warum sie so aus dem Häuschen ist. Sie kann sich doch einen","9"
"Bob","Zweitschlüssel beschaffen oder das Schloß ändern lassen. Irgendwie wird sie ja an ihr","9"
"Bob","Schließfach kommen.","9"
"Peter","Hier wäre auch ein schöner Platz zum Zelten.","9"
"Bob","Ja.","9"
"Peter","Ein bißchen weiter vom Haus weg.","9"
"Justus","Du hast wohl keine Angst vor Bären, was?","9"
"Peter","Nein, warum auch. Die wollen doch nichts von uns.","9"
"Peter","Hey! Ist das nicht der Mann von der Tankstelle aus dem Dorf?","9"
"Bob","Das ist er, Peter.","9"
"Bob","Mr RichardsonHallo Jungs!","9"
"Bob","Hallo, guten Tag!","9"
"Peter","Hallo!","9"
"Peter","Mr RichardsonIch hab hier ein bißchen Ordnung geschaffen. Leute aus der Stadt haben gezeltet und","9"
"Peter","ihren ganzen Müll hiergelassen. Mein Name ist Richardson.","9"
"Justus","Justus Jonas. Das ist Peter Shaw und das Bob Andrews.","9"
"Justus","Mr RichardsonFreut mich, Jungs. Wollt ihr auf den Monsterberg?","9"
"Peter","Monsterberg? Sagten Sie Monsterberg?","9"
"Peter","Mr RichardsonNa klar! Sehr ihr den Turm dort? Da war früher die Feuerwache bei Waldbrandgefahr.","9"
"Peter","Jetzt ist er nicht mehr besetzt, aber früher hieß er nur der Turm vom Monsterberg.","9"
"Peter","Aus welchem Grund?","9"
"Peter","Mr Richardson(lacht) Ja, als ich noch Junge war, erzählten die Großen immer, auf dem Berg gäbe es","9"
"Peter","Riesen.","9"
"Bob","Das hört sich an wie ein Schauermärchen, daß eine Mutter erfindet, damit die Kinder","9"
"Bob","parieren.","9"
"Bob","Mr RichardsonMag sein. Ein alter Trapper hat hier mal gewohnt. Er schwor, daß er im Schnee oben","9"
"Bob","beim Gletscher die Fußspuren eines riesenhaften Mannes gefunden hat. Abdrücke mit","9"
"Bob","bloßen Füßen, sagte er.","9"
"Justus","(überlegt) Fußspuren im Schnee.","9"
"Die drei ???","und das Bergmonster (14)","10"
"Die drei ???","Mr RichardsonUnd ein Junger Mann aus der Stadt kam mal völlig verstört von einem Ausflug ins Dorf","10"
"Die drei ???","zurück. Er behauptete, er habe eine riesige Schreckgestalt auf einer Wiese gesehen.","10"
"Justus","Monster. Mir ist nicht klar ...","10"
"Justus","Mr Richardson(lacht) Laß' nur! Gebt nicht soviel auf solche Geschichten. Ich muß weiter. Vielleicht","10"
"Justus","sehen wir uns ja nochmal.","10"
"REGIE","Schritte","10"
"Justus","Justus, Peter,","10"
"Bob","Wiedersehen!","10"
"Peter","(seufzt)Monsterberg, Schreckgestalt, Fußspuren in Schnee und Eis. Ob wir nicht","10"
"Peter","lieber umkehren?","10"
"Bob","Ach, was, wir gehen weiter. Los, kommt.","10"
"REGIE","Laubrascheln","10"
"Peter","Hey! Wartet mal! Da ist doch was! Ein Schatten!","10"
"Bob","Ob das ein Bär ist?","10"
"Peter","Laß und lieber abhauen!","10"
"REGIE","Schritte","10"
"Peter","Smathers  Sieh da! Die Herren Detektive.","10"
"Justus","(erleichtert) Sie sind das, Mr. Smathers. Wir dachten schon ein Bär oder ...","10"
"Peter","(unterbricht) oder was schlimmeres.","10"
"Peter","Smathers  Heute wär ich gern ein Bär. Ich habe einen Bienenstock in einem Baum entdeckt. Ein","10"
"Peter","Festmahl für einen Bären!","10"
"Peter","Um Himmels Willen! Sie haben ja ein Stinktier auf dem Arm!","10"
"Peter","Smathers  Ist es nicht wunderhübsch?","10"
"Bob","Mr. Smathers, schnell! Tun Sie es weg!","10"
"Bob","Smathers  (lacht) Stört es euch? Ist das nicht dumm? Die Jungen haben Angst, du würdest es","10"
"Bob","mit deinen Drüsen bespritzen. Das würdest du doch nicht tun, oder?","10"
"Peter","(flehend) Bitte!","10"
"Peter","Smathers  Na schön. Komm, ich setz dich auf den Boden. (Laubrascheln) So, lauf. (lacht) Lauf!","10"
"Peter","Seht ihr, da läuft es!","10"
"Peter","Entzückende Tiere, diese Skunks.","10"
"Bob","Wenn ich es nicht selber gesehen hätte, ich würde es nicht glauben.","10"
"Bob","Smathers  Ich liebe die Tiere, und die Tiere mögen mich. Ich verstehe sie, und sie verstehen","10"
"Bob","mich. Seht her. Papierrascheln Ich hab Erdnüsse in dieser Tüte. Seid mal ganz ruhig.","10"
"Bob","Ich zeig Euch was (pfeift zwitschernd) (lacht) Ein Eichelhäher kommt.","10"
"REGIE","Geräusche eines Eichelhähers (Kreischen) setzen ein","10"
"Die drei ???","und das Bergmonster (14)","11"
"Die drei ???","Smathers  Nicht so gierig. Warte auf die anderen. Es dauert nicht lange. Hab' Geduld mit denen.","11"
"Bob","(flüstert) Ein Eichhörnchen.","11"
"Bob","Smathers  Streitet Euch nicht! Es ist für alle genug da. Ah, da sind auch meine Freunde, die","11"
"Bob","Streifenhörnchen. Jetzt geht es los. (lacht)","11"
"Bob","Sehr ihr? Eine Nuß nach der anderen. Ganz brav sind die Tierchen. So, rascheln hier","11"
"Bob","habt ihr alle Nüsse. Und jetzt auf mit euch, ssshhh, shhhh (verscheuchendes Ge-","11"
"Bob","räusch) (lacht) Weg sind sie.","11"
"Bob","Diese Tiere verstehen Sie tatsächlich.","11"
"Bob","Smathers  Das habe ich doch gesagt. Man muß sich nur mit ihnen beschäftigen. (abfällig) Betäu-","11"
"Bob","bungsmittel, welch ein Hohn!","11"
"Justus","Sie sprechen von Mr. Hammond und seinem Betäubungsgewehr?","11"
"Justus","Smathers  Allerdings. Solange ich noch einen Tropfen Blut in den Adern habe, wird er nicht damit","11"
"Justus","schießen.","11"
"Justus","Wozu hat er das Gewehr? Wissen Sie es?","11"
"Justus","Smathers  Allerdings weiß ich das.","11"
"Justus","Wollen Sie es uns nicht sagen, Mr. Smathers?","11"
"Justus","Smathers  Was? Nein, nein, das sag' ich euch nicht. Wenn ich das täte, glaubt ihr mir womöglich","11"
"Justus","und das wäre eine Tragödie.","11"
"REGIE","Aufstehen und Schritte","11"
"Peter","Aber Mr. Smathers, gehen Sie doch nicht weg!","11"
"Bob","Es hat keinen Sinn. Er hört nicht.","11"
"Peter","(ratlos) Eine Tragödie.","11"
"Bob","Was hat er damit nur gemeint? Wenn wir ihm glauben, dann wäre es eine Tragödie.","11"
"Bob","Wieso denn das?","11"
"Justus","Hammond will bestimmt irgendein Tier fragen. Ein Betäubungsgewehr dient dazu, daß","11"
"Justus","man ein Tier anschießt ohne es zu töten. Will er also einen Bären damit fangen?","11"
"Bob","Nein, das kann ich mir nicht vorstellen.","11"
"Justus","Ich auch nicht. Nein, Smathers meint ein anderes Tier. Ein Tier, das wir hier in der","11"
"Justus","Gegend gar nicht vermuten. Aber was für ein Wesen könnte das sein?","11"
"REGIE","Musik","11"
"REGIE","Vogelzwitschern","11"
"REGIE","Lastwagen (wird lauter)","11"
"Bob","Da kommt ein Lastwagen. Mann, der ist aber ganz schön beladen.","11"
"Peter","Bringt wohl den Zement für das Schwimmbecken.","11"
"Die drei ???","und das Bergmonster (14)","12"
"Bob","Das ist aber eine Menge Zement.","12"
"Peter","Ist ja auch ein großes Schwimmbecken.","12"
"Peter","Also ich frag mich, ob Kathleen wohl wußte, das der Zement heute kommt. Sie wollte","12"
"Peter","ja die Lieferung gleich bezahlen.","12"
"Bob","Wir haben den Tresorschlüssel noch nicht gefunden.","12"
"Justus","Sie bekommt den Zement auch ohne Bezahlung. Gegen Unterschrift. Ach, kommt, wir","12"
"Justus","gehen rein.","12"
"REGIE","Lastwagen hält","12"
"REGIE","Schritte auf Kies","12"
"Joe","HammondKathleen? Kathleen! Kommst du mal eben?","12"
"Joe","Mrs Hammond(entfernt) Ja, was ist denn?","12"
"REGIE","Zuschlagen der LKW-Tür","12"
"Joe","Mrs HammondOh, der Zement. (unsicher) Ja, aber ich hab gar kein Geld da.","12"
"Fahrer","Es genügt, wenn sie den Lieferschein abzeichnen.","12"
"Fahrer","Mrs HammondAch so. Na gut. (nervös) Ich nehme den Lieferschein mit ins Haus und unterschreib","12"
"Fahrer","dort.","12"
"Fahrer","Soviel Mühe brauchen Sie sich doch nicht zu machen. Bittesehr, 'n Kugelschreiber.","12"
"Fahrer","Unterschreiben Sie einfach irgendwo auf dem Beleg.","12"
"Fahrer","Mrs HammondOh ja. Natürlich. Papierrascheln, Schreibgeräusche Ist es recht so? (unsicher) Nor-","12"
"Fahrer","malerweise schreibe ich viel besser. Ich bin nur gerade am Brotbacken und steck","12"
"Fahrer","mitten im Teig. Meine Hand zittert.","12"
"Fahrer","Och, wir sind alle mal 'n bißchen zittrig. (lacht) Wiedersehen!","12"
"REGIE","Schlagen der LKW-Tür","12"
"REGIE","Anlassen des Motors","12"
"REGIE","LKW fährt weg","12"
"REGIE","Musik","12"
"REGIE","Schritte","12"
"Joe","HammondSchön blöd.","12"
"Joe","Mrs Hammond(ärgerlich) Ich sagte dir ja, ich wollte das nicht tun. Du hättest schließlich ja auch un-","12"
"Joe","terschreiben können.","12"
"Joe","HammondDu hättest dich dem Fahrer gegenüber nicht so auslassen sollen, er ist ja kein Schön-","12"
"Joe","schreibspezialist. Blöd bist du.","12"
"Joe","Mrs Hammond(ärgerlich) Blöd? Blöd? Du bist blöd, nur du! Du mit deinem idiotischen Loch im Bo-","12"
"Joe","den. Du bildest dir da etwas ein, das es gar nicht gibt.","12"
"Die drei ???","und das Bergmonster (14)","13"
"Joe","HammondSicher gibt es das. Ich hab es ja gestern oben auf der Wiese gesehen. Und hier unten","13"
"Joe","war es auch schon.","13"
"Joe","Mrs HammondAch, ich glaub das alles nicht.","13"
"Joe","HammondDu wirst schon sehen.","13"
"Peter","(leise) Kommt schnell, wir verduften. Sie brauchen uns nicht zu sehen.","13"
"Erzähler","Hier ging es um ein Unterschriftsproblem. Mrs. Kathleen Hammond mochte ihren Na-","13"
"Erzähler","men nicht schreiben. Dabei dürfte sie eigentlich als erfahrene Geschäftsfrau hier keine","13"
"Erzähler","Hemmungen haben. Und ganz allgemein: Nichts schreibt sich doch so flüssig, wie der","13"
"Erzähler","eigene Name, oder?","13"
"REGIE","Kurze Musik","13"
"REGIE","Türoffnen","13"
"REGIE","Schritte","13"
"Justus","Kenneth und Patrick sind nicht da. Aber sie werden wohl nichts dagegen haben, wenn","13"
"Justus","wir uns in ihrem Zimmer aufhalten.","13"
"Peter","Ganz gut, daß Kathleen uns nicht gesehen hat.","13"
"Bob","Ich glaube, die Flitterwochen sind bei denen schon vorbei.","13"
"Justus, Peter","(lachen)","13"
"Peter","Ich komm' da nicht mit. Sie wollte nicht unterschreiben und sie hat den Fahrer angelo-","13"
"Peter","gen. Sie backt doch gar kein Brot.","13"
"Justus","Kathleen glaubt nicht, daß es das gibt, was Hammond oben auf der Wiese gesehen","13"
"Justus","hat und was hier unten war.","13"
"Peter","Also du meinst, an der Geschichte von Mr. Richardson ist was dran.","13"
"Justus","Kollegen, ich glaube, wir wissen jetzt, was Hammond mit dem Betäubungsgewehr","13"
"Justus","vorhat.","13"
"Bob","(ungläubig) Du meinst er macht Jagd auf das Monster?","13"
"Peter","(lacht) Das ... das ist doch irrsinnig.","13"
"Justus","Eine Wahnidee, aber ich glaube trotzdem, daß es ihm darum geht. Warum machen","13"
"Justus","wir morgen nicht eine Wanderung zur Bergwiese hinauf?","13"
"Peter","(zweifelnd) Eine Wanderung oder eine Monsterjagd?","13"
"Justus","Eine Spurensuche. Wenn da oben etwas Ungewöhnliches herumspaziert, dann soll-","13"
"Justus","ten wir dafür auch Anzeichen aufspüren können. Es müßte eine Fährte zu finden sein.","13"
"Peter","Vielleicht ist es ein Wesen, das gar keine Spuren hinterläßt.","13"
"Justus","Aber sicher hinterläßt es welche. Joe Hammond hat heute früh den Hof gekehrt, damit","13"
"Justus","keiner die Spuren sieht, die da waren. Es ist kein Bär. Das wäre ja nichts besonderes.","13"
"Justus","Sondern irgendetwas anderes","13"
"Die drei ???","und das Bergmonster (14)","14"
"Peter","Du könntest Recht haben.","14"
"Justus","Mr. Smathers weiß was es ist, aber von ihm erfährt es keiner. Und das Schwimmbek-","14"
"Justus","ken paßt jetzt auch zu der ganzen Geschichte. Wißt ihr, woran mich diese Grube erin-","14"
"Justus","nert?","14"
"Peter","Nee, keine Ahnung.","14"
"Justus","An die Tiergehege im Zoo von San Diego.","14"
"REGIE","Kurze Musik","14"
"Erzähler","Am nächsten Morgen waren die drei Detektive schon bei Tagesanbruch auf den Bei-","14"
"Erzähler","nen. Nach einem kurzen Frühstück stiegen sie ins Bergland bis fast zur Schneegrenze","14"
"Erzähler","hinauf. Soviel sie aber auch suchten, sie fanden keine ungewöhnliche Spur.","14"
"REGIE","Vogelzwitschern (ganze Szene)","14"
"Erzähler","Schritte (teilweise auf Geröll)","14"
"Peter","Wie wär's, wenn wir unsere Schritte zurück zu Kathys Pension lenken?","14"
"Bob","Du willst nicht wissen, was Hammond mit dem Betäubungsgewehr jagt?","14"
"Peter","Doch, schon. Nur möchte ich dem Ding hier nicht begegnen.","14"
"Justus","Ich habe drei Ortungsgeräte dabei. Wir können das Gelände schneller durchkämmen,","14"
"Justus","wenn wir uns trennen. Mit Hilfe der Geräte finden wir uns immer schnell wieder. Ihr","14"
"Justus","braucht nur die Taste daran zu drücken. Ein Piepton gibt dann an, wo der andere ist.","14"
"Peter","Ja aber ... funktionieren die auch wirklich? Ich hab keine Lust, mich hier zu verirren.","14"
"Justus","Ich hab alle drei Geräte getestet. Sie sind in Ordnung.","14"
"Bob","Okay, wer sucht in welcher Richtung?","14"
"Justus","Dazu kommen wir jetzt.","14"
"REGIE","Musik","14"
"REGIE","Ein Vogel kreischt (gesamte Szene)","14"
"Erzähler","Die drei Detektive trennten sich. Justus ging nach Norden, Peter nach Westen und","14"
"Erzähler","Bob zunächst nach Süden. Später schwenkte er nach Westen um. Er sucht den Bo-","14"
"Erzähler","den nach Spuren ab und blieb alle paar Sekunden stehen um zu horchen.","14"
"REGIE","Schritte in hohem Gras","14"
"Bob","He, Moment. Das ist doch eine Spur. Hm. Sieht aus, als ob ein großes Tier hiergewe-","14"
"Bob","sen wäre. Ein Bär vielleicht? Rascheln im Gras Vorsicht, Bob. Da ist eine Bodenspal-","14"
"Bob","te, hm, wenigstens drei Meter breit. Senkrecht geht’s da runter. Oh, da unten liegt ja","14"
"Bob","noch Schnee. (stutzt) Ist da jemand? Justus, Peter? Nichts. Ich muß mich getäuscht","14"
"Bob","haben. Ich ... (schreit laut)","14"
"REGIE","Aufschlagen auf Geröll","14"
"REGIE","Fallende Steine","14"
"Die drei ???","und das Bergmonster (14)","15"
"REGIE","Sehr kurze Musik","15"
"Bob","(stöhnt stark) (benommen) Mein Kopf! (stöhnt) Ich bin in den Spalt gefallen. Da war","15"
"Bob","doch jemand. (stöhnt) Ich muß ein Zeichen geben. Hoffentlich ist das Peilgerät noch","15"
"Bob","in Ordnung. Signalton des Peilgerätes Gott sei Dank, es klappt (ruft) Hilfe! Peter,","15"
"Bob","Justus! Hier unten bin ich! Hilfe! Hört ihr mich denn nicht?","15"
"Justus","(entfernt) Bob, wo bist du?","15"
"Bob","Hier unten, Justus, in der Spalte! Ah, da bist Du ja!","15"
"Justus","(entfernt) Bob! Wie ist das passiert? Peter, hier ist er!","15"
"Peter","(entfernt) Wie zum Kuckuck bist du denn da runter gekommen?","15"
"Bob","Reingefallen eben!","15"
"Peter","Ach mach keine Witze!","15"
"Bob","Das wäre Euch auch passiert, wenn ihr das Gleiche gesehen hättet wie ich.","15"
"Justus","Was hast du denn gesehen?","15"
"Bob","Irgendein Tier. Etwas ganz, ganz Großes. Ich weiß nicht, was es war. Es kam von","15"
"Bob","hinten an und war plötzlich bei mir. Ich hörte seinen Atem, dreht mich um und blickt in","15"
"Bob","zwei rote Augen. Vor Schreck trat ich zurück und stürzte ab. Und dann .. dann wurde","15"
"Bob","ich ohnmächtig.","15"
"Justus","Wir brauchen ein Seil, damit wir dich hochziehen können.","15"
"Peter","Also ich hol eins. Ich lauf zum Gasthof zurück. (entfernt sich) Seid vorsichtig, ich bin","15"
"Peter","bald zurück.","15"
"Justus","Bob, was hast du denn nun wirklich gesehen.","15"
"Bob","Ehrlich Just, das weiß ich einfach nicht. Es ging alles so schnell. Ich hörte was hinter","15"
"Bob","mir, ich dreht mich um und dann ... dann sah ich diese Augen. Ich schrie. Und das","15"
"Bob","Ding auch, glaube ich - und ich stürzte ab.","15"
"Justus","Ich seh mal nach. Deine Spur muß ja da sein und die Spur von dem anderen auch. Im","15"
"Justus","Schnee zeichnet sie sich ja gut ab.","15"
"Bob","Just, bist du noch da?","15"
"Justus","Ja, hier. Ich seh deine Fußspur. Unglaublich!","15"
"Bob","Was ist denn?","15"
"Justus","Bob, bist du sicher, daß es kein Mann war, der dir nachkam? Ein sehr großer Mann","15"
"Justus","mit bloßen Füßen.","15"
"Bob","Ich hab keine Füße gesehen. Und wenn das ein Mann war, dann zähle ich mich ab","15"
"Bob","sofort nicht mehr zum Menschengeschlecht.","15"
"Justus","Das ist erstaunlich. Hier war nämlich jemand, ein sehr großer Kerl, der barfuß lief.","15"
"Justus","Ah, verflixt!","15"
"REGIE","Aufschlag, rollende Steine","15"
"Die drei ???","und das Bergmonster (14)","16"
"Bob","Just, Mann Just, paß' bloß auf! Just! (Pause) Hey Justus, sag doch was! (aufgeregt)","16"
"Bob","Just! Just! Verdammt, was ist denn los? Just, antworte doch! Wo bist du denn? (Pau-","16"
"Bob","se) Justus!","16"
"Justus","(gequält) Mein Hals!","16"
"Bob","Was ist passiert, wo bist du denn?","16"
"Justus","Hier bin ich, ich war die ganze Zeit hier. Jemand ist von hinten gekommen und hat mir","16"
"Justus","einen Schlag verpaßt.","16"
"Bob","Ins Genick? Also hast du auch einen Nackenschlag abgekriegt, so wie Mr. Jensen.","16"
"Justus","Genau das, genau wie Mr. Jensen und jemand hat alle Fußspuren verwischt.","16"
"Bob","(stöhnt)","16"
"REGIE","Musik","16"
"Bob","(stöhnt)","16"
"REGIE","Schleifendes Geräusch auf Geröll","16"
"Peter","(stöhnt) Komm!","16"
"Bob","Endlich bin ich aus dieser Spalte raus. Vielen Dank, Peter, daß du das Seil geholt","16"
"Bob","hast. Ohne Seil wären wir bestimmt aufgeschmissen gewesen","16"
"Peter","Nichts zu danken, Bob.","16"
"Bob","Also eins wissen wir sicher: Den Nackenschlag hat Justus nicht von einem Bären","16"
"Bob","abgekriegt.","16"
"Justus","Mit Sicherheit nicht. Und was dich erschreckt hat, war möglicherweise dasselbe bar-","16"
"Justus","füßige Wesen, das mich anfiel und dann seine eigenen Spuren verwischte.","16"
"Peter","Ein barfüßiger Mann? Hier läuft doch keiner ohne Schuhe rum.","16"
"Justus","Ich hab den beachtlichen Fußabdruck eines Mannes gefunden. Meiner Schätzung","16"
"Justus","nach bestimmt 40 cm lang.","16"
"Peter","Der Monsterberg. Dies ist der Monsterberg!","16"
"REGIE","Zweigeknacken, Grasrascheln","16"
"Peter","Smathers  Monsterberg? Wer redet da von Monster?","16"
"Peter","Mr. Smathers!","16"
"Peter","Smathes   Tut mir leid. Hab ich euch erschreckt? Was soll das Gerede von einem Monster?","16"
"Peter","Wo ist der Abdruck?","16"
"Justus","Jemand hat ihn weggefegt.","16"
"Justus","Smathers  (belustigt) Oh ja, ich verstehe.","16"
"Peter","Aber da war wirklich ein Fußabdruck. Wenn Justus das sagt, dann stimmt das auch!","16"
"Die drei ???","und das Bergmonster (14)","17"
"Die drei ???","Smathers  Ihr habt euch von Richardson von der Tankstelle beschwatzen lassen. Er sollte sich","17"
"Die drei ???","schämen, euch Jungen solche Angst zu machen. Den Mann knöpf ich mir vor!","17"
"Justus","Mr Smathers!","17"
"Justus","Smathers  Und ihr solltet euch in der Nähe des Gasthofs aufhalten. Ganz ungefährlich ist es hier","17"
"Justus","nämlich nicht.","17"
"Peter","Das leuchtet mir schon ein. Ich glaube, wir sollten hier ebenfalls verschwinden. Wenn","17"
"Peter","man sich mit einem Monster einläßt, kann das bös enden.","17"
"Erzähler","Mr. Smathers hat offensichtlich nicht nur alle bekannten Wald- und Gebirgstiere son-","17"
"Erzähler","dern auch eine bislang nicht näher erforschte Art in sein Herz geschlossen. Weiß er","17"
"Erzähler","mehr darüber als wir?","17"
"REGIE","Musik","17"
"Erzähler","Für diesen Tag hatten Justus, Bob und Peter nach ihrem Geschmack genügend Natur","17"
"Erzähler","gesehen. Sie wollten die Abendstunden nutzen, um nach dem Schlüssel zu suchen,","17"
"Erzähler","den Kathleen so dringend benötigte. Dabei warfen sie auch einen Blick in das Zimmer","17"
"Erzähler","von Mr. Jensen","17"
"REGIE","Türöffnen","17"
"REGIE","Schritte","17"
"REGIE","Türschließen","17"
"Justus","Das ist ein Ding! Ich werfe einen Blick in das Zimmer von Mr. Jensen, und was sehe","17"
"Justus","ich als erstes? Ein Buch mit dem Titel ""Fotografieren für Anfänger"".","17"
"Bob","(erstaunter Laut)","17"
"Peter","Das ist doch wohl ein Witz!","17"
"Justus","Ein Witz? Vielleicht. Auf jeden Fall ist Jensen kein Fotograf.","17"
"Peter","Wollen wir das Zimmer durchsuchen? Das wäre eine Gelegenheit. Mr. Jensen ist un-","17"
"Peter","ten in der Gaststube.","17"
"Justus","Ach, lieber nicht. Mir genügt dieser eine Blick in sein Zimmer. Kommt.","17"
"REGIE","Schritte","17"
"Peter","Durch den Hinterausgang.","17"
"REGIE","Schritte","17"
"REGIE","Vogelzwitschern setzt ein","17"
"REGIE","Türquietschen","17"
"Peter","(gähnt) Ich bin reichlich müde.","17"
"Bob","(seufzt) Moment mal!","17"
"Peter","(gähnt)","17"
"Bob","Da ist jemand in Kathleens Büro.","17"
"Peter","Hä?","17"
"Bob","Mann, das ist Jensen.","17"
"Die drei ???","und das Bergmonster (14)","18"
"Justus","(flüstert) Tatsächlich. Er blättert in ihren Geschäftsbüchern. (erschrockener Laut)","18"
"Bob","(flüstert) Jetzt hat er was gehört. Er stellt das Buch zurück.","18"
"Peter","(flüstert) Seid leise. Kathleen und ihr Mann kommen.","18"
"Bob","(flüstert) Jensen versteckt sich hinter dem Schreibtisch.","18"
"Joe","HammondSiehst du, hier ist niemand. Du hast dich getäuscht.","18"
"Joe","Mrs HammondIch hab aber was gehört. Ich weiß genau, daß ich Schritte gehört habe.","18"
"Joe","HammondDeine Nerven spielen dir einen Streich. Es gibt keinen Grund zur Sorge. Du machst","18"
"Joe","das ganz prima mit den beiden Trotteln aus Rocky Beach. Laß dich von denen bloß","18"
"Joe","nicht unterkriegen. Sie bleiben ja nicht ewig.","18"
"Joe","Mrs HammondNoch länger als eine Woche.","18"
"REGIE","Türklappen","18"
"Peter","(flüstert) Sie sind weg. Was hat das zu bedeuten?","18"
"Bob","Jetzt haut auch Jensen ab. Ich versteh das nicht. Wieso sollten Patrick und Kenneth","18"
"Bob","Kathleen nervös machen? Es sind doch ihre Lieblingsvettern.","18"
"Justus","Das begreife ich eben nicht.","18"
"Bob","Ja.","18"
"Justus","Überhaupt nichts begreife ich. Ich war noch nie in meinem Leben so aufgeschmissen.","18"
"REGIE","Musik","18"
"Erzähler","Justus ist aufgeschmissen. Geht es meinen Hörern auch so?","18"
"Erzähler","Am nächsten Morgen beobachteten die drei Detektive, wie Joe Hammond in Richtung","18"
"Erzähler","Feuerturm eilte. Das Betäubungsgewehr trug er auf der Schulter. Heimlich folgten sie","18"
"Erzähler","ihm.","18"
"REGIE","Vogelzwitschern","18"
"Justus","In diesem Waldstück ist er verschwunden. Was könnte da sein?","18"
"Peter","Ich sehe nur Bäume, Bäume, Bäume.","18"
"Justus","Warte mal. Hat Mr. Richardson nicht irgendwas von einer Waldhütte gesagt? War da","18"
"Justus","nicht so ein junger Mann aus der Stadt, der ganz verstört wegen des Monsters ins","18"
"Justus","Dorf gekommen ist?","18"
"Peter","(verneinender Laut) Von einer Hütte hat Richardson nichts gesagt.","18"
"Justus","Dann hat jemand anders die Hütte erwähnt. Ich glaube jedenfalls, daß Hammond dort","18"
"Justus","hingeht.","18"
"Peter","(erschrocken) Feuer! Sehr dort, der Wald brennt!","18"
"Die drei ???","und das Bergmonster (14)","19"
"Bob","Da kommt jemand mit dem Auto den Waldweg hinunter.","19"
"REGIE","Autogeräusche, Auto hält","19"
"Mann","Steigt ein, Jungs, schnell! Der Wald brennt. Das Feuer breitet sich rasend schnell aus.","19"
"Mann","Ich ... äh ... ich hab eine Kippe verloren und schon stand alles in Flammen.","19"
"Justus","Mr. Hammond muß noch dort sein.","19"
"Mann","So ein blonder Mann, ja. Den hab ich vorhin in Richtung Gasthof laufen sehen.","19"
"Mann","(drängt) Schnell, steigt ein! Das Feuer wird bald hier sein.","19"
"REGIE","Auto fährt los","19"
"REGIE","Musik","19"
"Erzähler","Der Fahrer setzte Justus, Bob und Peter am Gasthof ab. Tatsächlich war Mr. Ham-","19"
"Erzähler","mond schon hier. Er bereitete sich darauf vor, das Haus gegen das rasend schnell","19"
"Erzähler","heranrückende Feuer zu verteidigen.","19"
"Justus","Hammond ist tatsächlich schon zurück. Kenneth, Patrick und Mr. Jensen auch.","19"
"Justus","Mrs HammondJoe, Joe, wir müssen hier weg!","19"
"Joe","HammondNein, wir müssen das Haus schützen.","19"
"Kenneth","Das Leben meiner Kusine ist wichtiger. Kathleen, du kommst mit uns! Justus, Peter,","19"
"Kenneth","Bob, ihr kommt mit.","19"
"Justus","Augenblick noch, Kenneth, erst müssen wir Kathleen finden.","19"
"Kenneth","Was? Was redest du da für einen Unsinn?","19"
"Justus","Mrs Hammond, wo ist Kathleen?","19"
"Joe","HammondDu spinnst wohl!","19"
"Justus","Sie sind Mrs Hammond. Schritte Wo ist Kathleen O'Hara? Sagen Sie es mir, schnell!","19"
"Justus","Oder wollen Sie, daß sie verbrennt?","19"
"Jensen","Wo Kathleen O'Hara ist? Sie sind nicht Kathleen O'Hara.","19"
"Jensen","Mrs Hammod Ich ... ich war bisher Kathleen O'Hara, jetzt bin ich Kathleen Hammond. Das wissen","19"
"Jensen","sie doch! Ich bin die frühere Kathleen O'Hara.","19"
"REGIE","Schnelle Schritte auf Kies","19"
"Justus","Nein, haltet sie. Sie ist eine Betrügerin! Haltet sie!","19"
"Jensen","Hiergeblieben!","19"
"Peter","(aufgeregt) Die Perücke ist ihr runtergefallen! Sie ist gar nicht rothaarig.","19"
"Patrick","(überrascht) Ui, verdammt. Das ist nicht Kathleen.","19"
"Kenneth","Ich habe sie! Die entwischt mir nicht! Wo ist meine Kusine? Wo ist Kathleen?","19"
"Justus","(aufgeregt) Oben bei der Hütte, nicht wahr? Ist sie dort?","19"
"Justus","Mrs HammondJa, da ist sie.","19"
"Die drei ???","und das Bergmonster (14)","20"
"Kenneth","Patrick, paß' auf, daß uns der saubere Mr. Hammond nicht entkommt. Ich fahre zur","20"
"Kenneth","Hütte rauf.","20"
"REGIE","Autotüren schlagen","20"
"REGIE","Schritte auf Kies","20"
"Jensen","Ich komme mit, ich zeige ihnen, wo sie ist","20"
"Jensen","Autotüren zuschlagen","20"
"Kenneth","In Ordnung, Mr. Jensen.","20"
"Justus","Und wir auch!","20"
"REGIE","Anlassen der Motors","20"
"REGIE","Lastwagen fährt weg","20"
"REGIE","Musik","20"
"Erzähler","Kenneth fuhr durch den teilweise berennenden Wald. Mühsam kämpfte er sich an die","20"
"Erzähler","Waldhütte heran, die am Rande einer Lichtung lag.","20"
"Erzähler","Fahrgeräusche","20"
"Justus","Dort ist die Hütte. Anhalten, Kenneth, da ist sie!","20"
"REGIE","Öffnen und Zuschlagen der Türen","20"
"REGIE","Knisterndes Feuer (gesamte Szene)","20"
"Kenneth","Schnell! Kathleen, wo bist Du?","20"
"Kathleen","(entfern) Hier, hier! Ich bin in der Hütte!","20"
"Kenneth","Das kommt aus der Hütte.","20"
"REGIE","Schritte","20"
"Kathleen","(entfernt) Bitte, laßt mich raus!","20"
"Justus","Die Tür ist verriegelt. Wir müssen sie aufbrechen.","20"
"Kenneth","Das schaffen wir schon, ich werfe mich dagegen. Zur Seite Kathleen!","20"
"REGIE","Starker Aufprall auf Holz","20"
"Kenneth","(verzweifelt) Die Tür hält! Sie ist zu stabil!","20"
"Justus","Jemand hat Kathleen hier gefangen gehalten. Mir ist jetzt alles klar.","20"
"Justus","Das Monster!","20"
"REGIE","Lauten Heulen","20"
"Kathleen","Was höre ich da?","20"
"Kenneth","Ruhig, Kathleen, ruhig. Komm heraus. Ich bin es, dein Vetter Kenneth!","20"
"Die drei ???","und das Bergmonster (14)","21"
"Justus","Vorsicht! Das Monster will in die Hütte! (ruft) Zur Seite Kenneth, es rennt die Tür ein!","21"
"Kathleen","(schreit)","21"
"REGIE","Splitterndes Holz","21"
"REGIE","Monster brüllt","21"
"Peter","Das Monster hat die Tür zerschmettert!","21"
"Justus","Mr. Smathers! Wo kommen Sie her?","21"
"Justus","Smathers  Ruhig, ganz ruhig","21"
"REGIE","Monster brüllt","21"
"Justus","Smathers  Ich weiß, ich weiß Monster brüllt Es ist schlimm. Aber es wir ja alles wieder gut. Das","21"
"Justus","Feuer wird dir nichts tun. Ich passe schon auf. Und jetzt komm. Monster brüllt Ganz","21"
"Justus","ruhig.","21"
"REGIE","Schritte","21"
"Justus","Er führt das Monster weg. Es gehorcht ihm.","21"
"Peter","Unglaublich.","21"
"Kathleen","Kenneth, bist du es wirklich?","21"
"Kenneth","Ach Kathleen, ich bin ja so froh.","21"
"Kathleen","Was war das für ein Tier?","21"
"Kenneth","Darüber können wir später reden.","21"
"Kenneth","Komm, wir müssen hier weg. Wir fahren zu deinem Gasthof.","21"
"REGIE","Musik","21"
"Erzähler","Es war dunkel geworden, als die Feuerwehr den Barnd endlich ganz eingedämmt","21"
"Erzähler","hatte. Im Gasthof saßen Patrick und Kenneth bei ihrer Kusine. Kathleen erstattete","21"
"Erzähler","dem Dorfpolizisten Bericht. Nicht nur Justus, Peter und Bob, auch Jensen, der falsche","21"
"Erzähler","Fotograf war dabei. Er gab sich gelassen. Er zielte mit dem Betäubungsgewehr auf","21"
"Erzähler","Mr. Joe Hammond.","21"
"Polizist","Nehmen Sie das Gewehr weg.","21"
"Jensen","Erst wenn sie diesem Verbrecher Handschellen angelegt haben.","21"
"Polizist","Stellen Sie das Ding weg, ehe ein Unglück passiert.","21"
"Jensen","Na gut, auf ihre Verantwortung.","21"
"Polizist","Miss O'Hara, erzählen Sie, was ist passiert?","21"
"Kathleen","Mr. Hammond war Gast in meiner Pension. Eines Tages sprachen wir über Geld und","21"
"Kathleen","da benahm er sich so eigenartig, daß ich Angst bekam.","21"
"Justus","Und damals haben Sie den Schlüssel versteckt.","21"
"Die drei ???","und das Bergmonster (14)","22"
"Kathleen","Ja, ich hatte so ein eigenartiges Gefühl.","22"
"Justus","Wo ist eigentlich der Schlüssel?","22"
"Patrick","(lachend) Mir hat es Kathleen schon erzählt. Sie hat den Schlüssel mit Klebeband","22"
"Patrick","unter ihrem befestigt.","22"
"Justus","(lacht)","22"
"Patrick","... und darauf darauf hat das saubere Pärchen die ganze Zeit geschlafen (lacht)","22"
"Polizist","Fahren sie bitte fort, Miss O'Hara.","22"
"Kathleen","Kurz darauf kam Mr. Hammond zu mir und forderte das Geld. Er drohte, mich zu er-","22"
"Kathleen","schießen Uhr schlägt Ich dachte, wenn ich ihm das Geld gebe, erschießt er mich er-","22"
"Kathleen","strecht. Ich habe ihm nichts gegeben. Aber er hat nur gelacht. Dann hat er mich zu der","22"
"Kathleen","Hütte geschleppt und mich dort eingesperrt. Er ist jeden Tag gekommen und hat mir","22"
"Kathleen","etwas zu essen und zu trinken gebracht. Eine Woche lang.","22"
"Justus","Es war also ganz einfach. Mr Hammond kam hierher und sah, daß seine Frau eine","22"
"Justus","unglaubliche Ähnlichkeit mit Miss Kathleen hat. Das wollte er ausnutzen, um an ihr","22"
"Justus","Geld zu kommen. Leider beherrschte Mrs Hammond die Unterschrift von Miss Kathle-","22"
"Justus","en nicht besonders gut.","22"
"Peter","Und des Schlüssel für den Tresor konnten sie auch nicht finden.","22"
"Jensen","Mr. Hammond hat sich auf Betrug spezialisiert. Er hat meine Schwester um 10.000","22"
"Jensen","Dollar erleichtert, ohne daß wir etwas gegen ihn unternehmen konnten.","22"
"Justus","Und Sie sind kein Fotograf?","22"
"Jensen","(lacht) Ich habe eine Eisenhandlung in Lake Tahoe. Meine Schwester sah zufällig","22"
"Jensen","Hammond und diese Frau. Sie hatte eine Kamera dabei und machte rasch ein Foto.","22"
"Jensen","Und sie schrieb sich ihre Wagennummer auf.","22"
"Peter","Wozu das?","22"
"Jensen","Wir dachten, sie sollte sein nächstes Opfer sein.","22"
"Kenneth","Und davor wollten Sie sie schützen.","22"
"Jensen","Genau. Durch die Autonummer kam ich auf Miss Kathleens Adresse. Ja, und das gab","22"
"Jensen","mir die Idee, hier als Fotograf aufzutreten, der Tieraufnahmen in freier Wildbahn ma-","22"
"Jensen","chen will.","22"
"REGIE","Türöffnen","22"
"Peter","Oh, Mr. Smathers!","22"
"Peter","Smathers  Du liebe Zeit! Diese Ähnlichkeit.","22"
"Justus","Das erklären wir Ihnen später, Mr. Smathers. Es ist etwas ... kompliziert.","22"
"Polizist","Hat der Herr auch mit dem Fall zu tun?","22"
"Justus","Nein, überhaupt nicht.","22"
"Polizist","Und jetzt zu dem Betäubungsgewehr. Wozu brauchte Hammond das?","22"
"Die drei ???","und das Bergmonster (14)","23"
"Die drei ???","Smathers  Abscheulich, nicht? Können Sie sich vorstellen, Herr Wachtmeister, daß Mr. Ham-","23"
"Die drei ???","mond alles Ernstes glaubt, es gäbe hier im Gebirge eine Art Monster. Er hat die irr-","23"
"Die drei ???","witzige Vorstellung, er könne ein Wesen einfangen, daß der Fachwelt gänzlich unbe-","23"
"Die drei ???","kannt ist (lacht).","23"
"Polizist","(lacht) Ein Monster? Der Mann ist ja übergeschnappt.","23"
"Justus, Peter","(lachen)","23"
"Justus, Peter","Smathers  Genau. Wir wissen schließlich alle, daß es gar keine Monster gibt, nicht wahr?","23"
"Erzähler","In dieser Geschichte ist schon soviel aus niedrigen Beweggründen gelogen und be-","23"
"Erzähler","trogen worden, aber diese Notlüge unseres tapferen Tierfreundes entspringt zweifellos","23"
"Erzähler","lauteren Motiven. Tja, guter Mr. Smathers!","23"
"REGIE","Titelmusik","23"
