Speaker,Text,Page
REGIE,die     drei     ,1
REGIE,und      der     phantomsee,1
REGIE,hörspielskript nach der neufassung des hörspiels verfasst von mike hall,1
REGIE,titelmusik,1
REGIE,verkehrslärm im hintergrund,1
REGIE,hitchcock erzähler die drei fragezeichen justus jonas peter shaw und bob andrews,1
REGIE,halfen onkel titus jonas in einem museum bei rockybeach das museum sollte,1
REGIE,geschlossen werden tante mathilda und onkel titus jonas war es gelungen einige,1
REGIE,wertvolle stücke für den trödelmarkt zu erwerben die mussten nun abtransportiert werden,1
Peter,stöhnt,1
REGIE,kettenrasseln,1
Bob,großartig hier was ich gefunden habe ein maleienkris,1
Peter,lass mal sehen  aua mann ist der scharf wie eine rasierklinge,1
Bob,wie kommt der hierher,1
Justus,das kann ich beantworten bob viele schiffe segelten früher von kalifornien aus,1
Justus,nach indien und indonesien eine ganze anzahl der kunstgegenstände in diesem museum,1
Justus,stammt aus dem orient,1
Peter,muss das sein just,1
Justus,im hintergrund ja,1
Bob,immer diese vorträge,1
Mathilda,mich interessiert vorläufig mehr wohin jetzt mit diesen kunstgegenständen,1
Justus,jonas nun drückt euch nicht rum ihr lümmel ladet das zeug auf den lastwagen,1
Justus,ja tante mathilda,1
Mathilda,auf die holztruhe da,1
Java-Jim,die gehört mir,1
Mathilda,wer sind sie denn,1
REGIE,musiksequenz,1
Java-Jim,jim heiße ich man nennt mich javajim die truhe hat mich auf großer fahrt,2
Java-Jim,von java hierher begleitet das ding ist gefährlich wenn sie es wissen wollen,2
Mathilda,tut mir leid aber ich habe alle ausstellungsstücke gekauft ohne ausnahme,2
Mathilda,wenn sie die truhe haben wollen müssen sie sie bei mir kaufen und bezahlen,2
Java-Jim,bezahlen für meine eigene truhe ich denke gar nicht daran,2
Mathilda,na dann schlagen sie sich die truhe aus dem kopf,2
Java-Jim,das ist mir gestohlen worden vor zwei wochen hat sie mir irgendsoein halunke,2
Java-Jim,von schiff weg geklaut als wir in san francisco anlegten,2
Bob,mal sehen was drin ist,2
Java-Jim,vorsicht knarren solche truhen haben es  masakept haben oftmals,2
Java-Jim,versteckte gefahren in sich,2
Justus,atmet auf aaaah,2
REGIE,dumpfes schnappendes geräusch,2
Bob,erschreckt ein messer schnauft,2
Justus,oi joi joi,2
Bob,ganz knapp an justs kopf vorbei,2
Java-Jim,da siehste hab ichs doch gesagt,2
Bob,verschnauft mann das hätte dich auch treffen können,2
Peter,das kam aus der truhe das messer flog aus der truhe,2
Mathilda,ist etwas passiert justus,2
Justus,nein alles in ordnung,2
Bob,himmel da ist ja ein geheimfach im boden,2
Peter,was,2
Bob,und jetzt ist es offen ich hab einen versteckten mechanismus berührt und da ist es,2
Bob,aufgesprungen,2
Peter,jeder der das versteck findet sollte umgebracht werden,2
Mathilda,wenn das ihr werk war mrjavajim werde ich sie dafür bestrafen,2
Java-Jim,unschuldig ich wusste nichts von der falle,2
Justus,es ist ein orientalischer dolch wahrscheinlich wurde er schon vor jahrhunderten,2
Justus,von piraten eingebaut es war also nicht seine falle,2
Peter,erstaunt piraten ist ja doll,2
Justus,das ist ein typisch  indonesischer trick wahrscheinlich javanisch,3
Bob,javanisch wie javajim,3
Java-Jim,jetzt reicht es mir aber das ist ein spitzname den man mir gegeben hat weil ich,3
Java-Jim,eine weile in java gelebt habe,3
Peter,ich weiß noch nicht einmal wo java liegt,3
Justus,das ist eine große insel in indonesien peter vor hundert jahren und noch mehr,3
Justus,gab es da massenhaft piraten,3
REGIE,kratzende klopfende geräusche,3
Bob,haben die auch schätze nach amerika gebracht justus beispielsweise nach,3
Bob,kalifornien,3
Justus,ach was wühlst du in der truhe herum peter,3
Peter,hier hier ist ein ring,3
Justus,häh,3
Peter,er war in einem geheimfach,3
Bob,ist sonst noch was drin,3
Java-Jim,was willst du mich einen lügner nennen junge,3
Justus,zeigen sie uns die rechnung über den kauf oder benennen sie uns zeugen dann,3
Justus,ist alles in ordnung,3
Java-Jim,zögernd stotternd ja ich ähm ähm mhm na ja,3
Justus,dann schlage ich vor dass wir die truhe bei uns im lager unterstellen bis sie uns,3
Justus,beweise bringen,3
Java-Jim,also jetzt hab ich es aber satt musiksequenz ich nehme mir was mir gehört,3
Java-Jim,her mit dem ring her mit der truhe,3
Justus,nein,3
Bob,hilfe er will justus den ring und die truhe wegnehmen,3
Java-Jim,zurück ich,3
Justus,stöhnt,3
Bob,im hintergrund haltet den dieb haltet den dieb er läuft weg,3
REGIE,abermaliges stöhnen,3
Mathilda,ach lasst ihn laufen der ring war nicht viel wert,3
Bob,sowas warum war er bloß so scharf auf die truhe kann mir das einer sagen er,3
Bob,wollte die truhe unbedingt haben,3
Peter,dabei hat sie ihm bestimmt nicht gehört,4
Bob,ja,4
Peter,was jetzt ,4
Bob,murmelt,4
REGIE,musik tritt in den vordergrund,4
Erzähler,noch am gleichen tag holte justus telefonisch einige erkundigungen ein er,4
Erzähler,erfuhr dass javajim schon an anderer stelle versucht hatte die truhe zu kaufen nur hatte,4
Erzähler,er dabei jedes mal eine andere geschichte erzählt er hatte offensichtlich gelogen die truhe,4
Erzähler,stammte wie die eingeschnitzte schrift bewies von der argyll queen einem schiff das vor,4
Erzähler,mehr als hundert jahren vor der kalifornischen küste versunken war bob zuständig für,4
Erzähler,recherchen beschloss sich im historischen forschungsinstitut von rockybeach nach der,4
Erzähler,argyll queen zu erkundigen,4
REGIE,schreibmaschinengeräusche stempelgeräusch leute sprechen im hintergrund,4
1. Mitarbeiterin,guten tag,4
2. Mitarbeiterin,tag,4
Bob,ich wollt mich über die argyll queen erkundigen die vor,4
2. Mitarbeiterin,unterbricht bob oh ich weiß schon hier schau dich in diesem kasten,4
2. Mitarbeiterin,um da wirst du allerlei finden,4
Bob,das ist ja als hätten sie auf mich gewartet,4
2. Mitarbeiterin,na du bist ja nicht der erste der sich für die argyll queen interessiert,4
Bob,nein,4
REGIE,zettel schleift,4
Bob,oh das sind ja lauter zeitungsausschnitte,4
2. Mitarbeiterin,allerdings hier da sie berichten von dem schatz der an bord gewesen,4
2. Mitarbeiterin,sein soll ach da kommt professor shay der kann dir sicherlich mehr darüber sagen,4
Bob,guten tag herr professor,4
Professor,shay stottert ständig ein wenig guten tag mein junge du interessierst dich,4
Professor,für die argyll queen ja aber was weißt du denn von diesem schiff,4
Bob,nicht viel nur dass der rahsegler um 1870 vor rockybeach gesunken ist und dass,4
Bob,es gerüchte über einen schatz gibt der an bord war,4
Professor,shay hm solche gerüchte gibt es bei jedem schiff mein junge äh jedenfalls,4
Professor,bei jedem dass gesunken ist hm aber das datum ja das datum stimmt es gab nur wenige,4
Professor,überlebende unter ihnen der kapitän,4
Bob,vielleicht hat er den schatz,5
Professor,shay nein nein das glaube ich nicht hm diesen schatz gibt es ohnehin nicht,5
Professor,das gerücht über den schatz ist wohl nur durch die ja durch die tragödie entstanden die,5
Professor,sich kurz nach dem untergang des schiffes zutrug,5
Bob,eine tragödie,5
Professor,shay einer der überlebenden ein schottischer matrose namens angus gunn,5
Professor,siedelte sich unweit von rockybeach an im jahre 1872 wurde er von vier männern,5
Professor,ermordet leider,5
Bob,wie schrecklich sicherlich hat man die täter gefasst,5
Professor,shay hm allerdings und sie wurden von der menge so schnell ähm,5
Professor,aufgehängt dass niemand gelegenheit hatte nach dem motiv des mordes zu fragen,5
Bob,seltsam,5
Professor,shay ja sehr seltsam äh einer der vier war der kapitän der argyll queen,5
Professor,seither behauptet man er sei auf der suche nach einem schatz gewesen den gunn von,5
Professor,bord gebracht hat,5
REGIE,telefon klingelt,5
Bob,nur ein gerücht oder gab es den schatz tatsächlich,5
Professor,shay na man hat nie einen schatz gefunden weil es ihn gar nicht gibt lacht,5
Professor,kurz und gezwungen,5
Bob,aber das gerücht hält sich noch immer,5
Professor,shay seltsamerweise ja die familie gunn hat erst kürzlich unserem institut,5
Professor,äh das logbuch der argyll queen zu forschungszwecken gestiftet du weißt was ein,5
Professor,logbuch ist,5
Bob,natürlich ein tagebuch der seeleute,5
Professor,shay so ist es nun ja wir wir hofften dass es in dem logbuch einen hinweis,5
Professor,auf den schatz gäbe aber wir wurden enttäuscht,5
Bob,vermutet man dass es dabei um einen schatz aus indonesien geht,5
Professor,shay hm ja lacht kurz und gedrungen das könnte man sagen aber jetzt,5
Professor,sag mal wieso weißt du etwas davon,5
Bob,unschuldig ich ich weiß nichts es war nur so eine vermutung,5
Professor,shay aah und und woher kommt dieses interesse für die argyll queen,5
Bob,das hat nichts mit dem schatz zu tun es geht um eine gemeinschaftsarbeit in der,5
Bob,schule,5
Professor,shay aah ich verstehe sehr bergrüßenswert,5
Bob,ach bitte könnte ich das logbuch mal lesen,6
REGIE,musiksequenz,6
Professor,shay ja warum nicht wenn du etwas finden solltest das uns entgangen wäre,6
Professor,dann äh dann werden wir bei einer veröffentlichung deinen namen als autoren nennen,6
Bob,danke herr professor,6
REGIE,musik tritt in den vordergrund,6
Erzähler,als bob und peter am späten nachmittag zu ihrer zentrale gingen einem,6
Erzähler,wohnwagen der versteckt mitten in einem schrotthaufen lag war justus schon da,6
Erzähler,er hatte eine überraschung für sie,6
REGIE,quietschen und scheppern von blech,6
Peter,ach nun he bob blech scheppert pass auf der kotflügel da,6
REGIE,leises hundegebell im hintergrund,6
Bob,ist ja nicht passiert peter he da ist justus,6
Peter,hi just,6
Justus,kollegen ich hab eine überraschung für euch,6
Bob,gespannt eine überraschung dann heraus damit,6
Justus,ich hab die truhe noch einmal untersucht schaut was ich gefunden habe,6
Peter,das ist ein taschenbuch,6
Justus,hm,6
Bob,das sieht wie das aus das professor sh,6
Java-Jim,unterbricht bob das buch kriege ich,6
REGIE,musiksequenz,6
Justus,erschreckt javajim,6
Bob,verflixt wo kommt der denn plötzlich her,6
Peter,das buch gehört uns,6
Java-Jim,wütend her damit,6
Justus,plan eins,6
Bob,okay,6
Java-Jim,ausdrücklich macht bloß keinen unsinn ich warne euch und jetzt her mit dem,6
Java-Jim,buch,6
Justus,ein lügner sind sie und ein dieb,7
Java-Jim,ach ein dieb vielleicht bin ich noch was schlimmeres junge denk mal drüber,7
Java-Jim,nach gib mir das buch,7
Justus,nein niemals,7
Java-Jim,na gib es schon los doch,7
Justus,jetzt grade nicht bob peter zieht die bretter weg,7
Bob,los peter,7
REGIE,stöhnen und krachen der bretter,7
Java-Jim,schreit aauuuuuh,7
REGIE,bob peter und justus lachen erheitert,7
Justus,fröhlich erleichtert lachend lauft kollegen lauft soll er sehen wie er sich aus,7
Justus,dem gerümpel befreit schnauft das über ihm zusammengekracht ist,7
REGIE,laufende schritte,7
Java-Jim,nein nein bleibt hier,7
Justus,weiter weiter,7
REGIE,schnaufen,7
Bob,he patrick javajim ist im hof er hat uns überfallen,7
Patrick,oho der soll mir nur in die finger kommen aus dem mache ich hackfleisch wo ist,7
Patrick,er,7
Justus,da er läuft zur straße,7
Bob,er flieht mit einem auto,7
Peter,verwundert ein grüner vw mensch den hab ich doch schonmal gesehen,7
Bob,ja richtig ich glaube er ist uns vom museum hier her gefolgt,7
Peter,hach ein glück dass wir das buch noch haben,7
Justus,ja wirklich und javajim hat uns noch etwas sehr wichtiges bewiesen,7
Bob,bewiesen was den,7
Peter,hm,7
Justus,dass es ihm um mehr geht als um die truhe ist euch nicht aufgefallen dass er,7
Justus,überhaupt nicht mehr nach der truhe oder dem ring gefragt hat,7
Peter,verflixt tatsächlich er wollte nichts als das buch das du gefunden hast,7
Bob,als ob er wüsste dass das buch in der truhe gewesen ist,8
Peter,wieso hast du es eigentlich gefunden es war doch nichts mehr in der truhe das,8
Peter,haben wir alle gesehen,8
REGIE,auto fährt vorbei,8
Justus,ich hab es hinter einer dünnen seitenwand entdeckt die truhe hatte nämlich 2,8
Justus,wände eine dicke außenwand und eine dicke innenwand,8
Peter,achso,8
Bob,und das hat javajim geahnt,8
Justus,hm,8
Bob,deshalb wollte er die truhe aber wozu das alles ist die truhe etwa ein,8
Bob,vermögen wert,8
Peter,nein bestimmt nicht,8
Justus,hm,8
Peter,es ging ihm ja auch nicht um die truhe sondern um das tagebuch,8
Justus,es ist eine fortsetzung des ersten tagebuchs das die familie gunn dem,8
Justus,historischen forschungsinstitut gestiftet hat,8
Bob,hm sagt mal wenn diese familie dieses tagebuch erst vor kurzem gestiftet hat dann,8
Bob,lässt sich doch vermuten,8
Justus,dass sie hier in der gegend wohnen du hast recht bob,8
Bob,genau,8
Justus,kommt kollegen das ist etwas das wir klären müssen,8
Peter,wir sehen im telefonbuch nach,8
REGIE,musiksequenz,8
Erzähler,wenn ich justus aus früheren erfahrungen richtig einschätze hat sich in seinem,8
Erzähler,großhirn bereits die idee eingenistet dass so ein tagebuch möglicherweise im text eine,8
Erzähler,verschlüsselte botschaft enthält doch bevor man sich damit befasst ist es sicherlich,8
Erzähler,geboten bei mrgunn vorzusprechen,8
Peter,erschöpft mann geht das steil hoch hier,8
Bob,stöhnt phantom lake road woher kommt der name eigentlich hier gibts doch gar,8
Bob,keinen see höchstens ein paar wasserlöcher,8
REGIE,alle schnaufen,8
Justus,erschreckt der grüne vw  ,8
Peter,javajim,8
Justus,schnell in deckung dort ins gebüsch,9
Bob,die fahrräder in den graben,9
REGIE,schnaufen,9
Peter,der hat uns gesehen er hält,9
Bob,aber bremsen schleifen das ist doch gar nicht javajim,9
Stebbins,he bleibt hier ich muss mit euch reden,9
Bob,auf einmal,9
REGIE,schnaufen,9
REGIE,pferd läuft herbei,9
Justus,ein reiter,9
Bob,der hat ja einen säbel in der hand,9
Peter,der vw haut ab der reiter verfolgt ihn,9
Bob,verrückt,9
Justus,jetzt kommt er zurück bob peter nicht weglaufen bleibt hier,9
Bob,mensch just der kerl hat einen säbel der ist verrückt lauft doch,9
Rory,mcnab so ihr lümmel euch habe ich bleibt stehen keine bewegung,9
Justus,aber wir äh,9
Rory,still ich weiß nicht was ihr drei und dieser andere kerl hier treibt aber ich werde es,9
Rory,erfahren,9
Peter,stottert wiwir haben nichts mit dem anderen zu tun bob im hintergrund ja wir,9
Peter,sind ja vorhin weggelaufen,9
Rory,das könnt ihr der polizei erzählen los jetzt,9
Justus,aber sir musiksequenz so hören sie uns doch an,9
Rory,los sage ich oder wollt ihr den säbel spüren,9
Erzähler,die drei fragezeichen fügten sich ihnen blieb keine andere wahl sie gingen vor,9
Erzähler,dem reiter her den berg hinauf und wenig später kamen sie an einem kleinen see mit einer,9
Erzähler,insel vorbei dahinter lag ein altes steinhaus,9
REGIE,pferd läuft grillen zirpen im hintergrund,9
Peter,fantastisch das haus sieht aus wie eine festung vom turm aus könnte man,9
Peter,feinde über viele meilen ausmachen,9
Justus,das ist schon ein seltsamer bau,9
Rory,ausdrücklich los rein mit euch die stufen hoch und durch die tür los los,10
Justus,schon gut wir gehen ja schon sir,10
Bob,stöhnt,10
REGIE,schritte,10
REGIE,tür quietscht,10
Bob,da ist eine frau am kamin und ein junge ist auch bei ihr,10
Rory,da sind sie flora gunn der halunke ist mit seinem auto durchgebrannt aber seine,10
Rory,spießgesellen habe ich geschnappt,10
Flora,gunn hör mal rory das sind doch kinder die können doch nicht die einbrecher,10
Flora,sein,10
Rory,übeltäter müssen nicht unbedingt erwachsen sein cluny du rufst am besten die,10
Rory,polizei dann werden wir diese einbrüche schon klären,10
Justus,der mann mit dem grünen vw hat hier eingebrochen was hat er denn,10
Justus,mitgenommen,10
Rory,misstrauisch als ob du das nicht wüsstest lacht ungläubig,10
Peter,wir waren es aber nicht sagen sie es uns doch wir haben diesen mann nie vorher,10
Peter,gesehen nur den wagen der hat uns verfolgt,10
Justus,wir wollten zu ihnen kommen mrsgunn um mit ihnen zu sprechen der mann,10
Justus,begegnete uns auf der landstraße er hielt an und machte jagd auf uns ich weiß nicht,10
Justus,warum peter im hintergrund ja er jagte uns ich bin justus jonas vom,10
Justus,gebrauchtwarencenter t jonas in rockybeach und das sind meine freunde,10
Bob,bob andrews,10
Peter,peter shaw,10
Justus,unsere fahrräder liegen oben an der straße das müsste beweisen dass wir nicht,10
Justus,mit dem mann in vw gekommen sind,10
Rory,flora lass dich nicht irre machen die polizei,10
Flora,unterbricht rory schweig rory ich bin flora gunn das ist mein sohn cluny und,10
Flora,das ist mein vetter mr rory mcnab darf ich jetzt erfahren warum ihr mich besuchen,10
Flora,wolltet,10
Bob,wegen der truhe madam,10
Justus,für unseren altwarenhandel haben wir eine seemannstruhe gekauft die ihrem,10
Justus,vorfahr angus gunn von der argyll queen gehört hat bob im hintergrund hm seit wir,10
Justus,die truhe haben ist einiges seltsamen passiert bob im hintergrund ja wenn sie mir,10
Justus,sagen könnten was der mann im vw gestohlen hat trägt es vielleicht zur klärung dieser,10
Justus,vorfälle bei,10
Flora,na gestohlen hat er nichts es ist jedes mal das gleiche jemand bricht hier ein,11
Flora,wühlt alles durch was wir von großvater gunn noch haben nimmt aber nie was mit,11
Peter,gar nichts,11
Cluny,immer durchwühlt dieser kerl die sachen vom alten angus ich glaub es geht ihm,11
Cluny,um den,11
Bob,unterbricht cluny um den schatz,11
Cluny,hörst du mutter sie meinen auch dass es um den schatz geht,11
Flora,tja vielleicht hat der brief ja doch etwas zu bedeuten,11
Peter,verwundert brief,11
Justus,wirft verwundert ein brief peter im hintergrund brief was für ein brief,11
Flora,großvater gunn hatte sich vor langer zeit hier im tal angesiedelt als er mit dem,11
Flora,hausbau fertig war ließ er seine familie nachkommen er war jedoch schon tot als diese,11
Flora,hier eintraf seine frau fand nur noch einen brief,11
Cluny,zeig ihn doch mal mama,11
Flora,gern standuhr schlägt moment schritte sind zu hören zettel wird herausgezogen,11
Flora,hier ist er,11
Justus,danke madam,11
REGIE,brief wird aufgefaltet,11
Bob,lies ihn vor justus,11
Justus,meine liebe lora bald wirst du bei mir sein doch seit einiger zeit befürchte ich,11
Justus,dass man mir nachstellt ich muss mir daher beim schreiben dieser letzten dringlichen worte,11
Justus,an dich im klaren darüber sein dass andere sie zu gesicht bekommen könnten denk stets,11
Justus,daran dass ich dich geliebt habe und dir ein goldenes leben versprochen habe,11
Bob,wirft ein goldenes leben,11
Peter,häh,11
Bob,das weißt auf einen schatz hin auf den schatz,11
Justus,hm denk an das was ich in der heimat geliebt habe und an das geheimnis von,11
Justus,phantom loch folge meinem letzten kurs lies nach was meine tage für dich bauten sieh,11
Justus,das geheimnis in einem spiegel,11
Peter,in einem spiegel was soll das denn,11
Flora,mein mann war sicher dass großvater gunn mit dem wort vom goldenen leben,11
Flora,einen schatz gemeint hat er hat alles durchsucht aber nie etwas gefunden erheitert,11
Flora,hinter jeden spiegel hat er gesehen,11
Justus,er hatte das zweite tagebuch nicht,11
Rory,das zweite tagebuch,12
Bob,wir haben es in einer truhe gefunden darin beschreibt angus gunn was er bis zu,12
Bob,seinen letzten tagen getan hat,12
Flora,achja im brief fordert er lora auf auf das zu achten was er in den letzten tagen,12
Flora,getan hat aber was war das,12
Rory,jedenfalls nichts was mit einem schatz zu tun hätte im tagebuch steht nur wohin er,12
Rory,ging und was er tat um irgendetwas für lora zu bauen es sollte wohl eine überraschung,12
Rory,sein oder,12
Justus,woher wissen sie dass das im tagebuch steht,12
Rory,das steht auch im brief,12
Justus,was liebte mr angus gunn in seiner schottischen heimat so sehr dass er es hier,12
Justus,nachbauen wollte,12
Flora,tja soweit ich weiß geht es um eine legende um ein phantom das in nebligen,12
Flora,wintertagen über den klippen an der küste auftaucht und aufs meer hinaus blickt,12
Peter,beunruhigt eine geistergeschichte und eine fabel von einem schatz das hat noch,12
Peter,gefehlt,12
Bob,und was ist mit dem mann im grünen vw und was ist mit all den einbrüchen,12
Flora,ich weiß es nicht,12
Justus,wir werden all die rätsel lösen madam wenn sie und ein wenig helfen und uns,12
Justus,die informationen geben die wir benötigen,12
Rory,ihr,12
Cluny,wieso ihr,12
Justus,das ist sozusagen unser beruf hier bitte unsere karte,12
Rory,die drei fragezeichen ah wir übernehmen jeden fall erster detektiv justus jonas,12
Rory,zweiter detektiv peter shaw recherchen und archiv bob andrews,12
Bob,das bin ich,12
Rory,trotzig spinner,12
REGIE,tür wird quietschend geöffnet,12
Cluny,lass sie es versuchen mama ich helf mit,12
Flora,von mir aus schaden kann es wohl nicht und einen schatz könnten wir ganz gut,12
Flora,gebrauchen,12
Bob,prima,12
Cluny,fröhlich hurra,12
Flora,wie wärs denn jetzt mit mittagessen schatzsucher brauchen eine stärkung,13
Justus,sehr gern madam,13
REGIE,kurze pause,13
Erzähler,rory dieser schotte mit dem aggressiven temperament und der misstrauischen,13
Erzähler,einstellung ist bis jetzt eine schwer einzuordnende figur detektivisch begabt scheint er nicht,13
Erzähler,zu sein meinen geschulten hörern wird doch hoffentlich aufgefallen sein wie reichlich,13
Erzähler,unbedarft er meinte loras überraschung hätte mit dem schatz nichts zu tun nun briefe,13
Erzähler,muss man eben lesen können,13
REGIE,musiksequenz,13
Erzähler,gemeinsam mit mrsgunn und ihrem sohn cluny arbeiteten die drei  das,13
Erzähler,tagebuch durch um einen hinweis darauf zu finden welchen schatz gunn gemeint und wo,13
Erzähler,er ihn versteckt hatte,13
REGIE,standuhr tickt,13
Cluny,murmelt,13
REGIE,standuhr schlägt,13
Cluny,ah hier steht etwas was wichtig sein könnte ich les mal vor,13
Justus,tu das cluny,13
Cluny,okay also heute mit der arbeit an loras überraschung begonnen nach powder,13
Cluny,gulch wegen arbeitern und schleusenholz,13
Peter,er hat also tatsächlich etwas gebaut,13
Justus,richtig es muss jedoch keine schleuse gewesen sein es könnte auch eine,13
Justus,holzrinne gemeint sein durch die man wasser schickt,13
Peter,ja,13
Justus,in den minen wusch man früher in solchen schleusen das goldhaltige erz heraus,13
Bob,cluny gibt es hier am phantomsee eine mine,13
Cluny,nicht das ich wüsste bob,13
Peter,vielleicht hat angus zögert heimlich eine mine ausgeschachtet,13
Justus,naja das wäre möglich ich glaube jedoch nicht dass wir so weiterkommen angus,13
Justus,sprach davon man solle seinem kurs folgen tun wir das doch kollegen gehen wir ihm,13
Justus,einfach mal nach,13
Bob,wie denn,13
Justus,ganz einfach bob wir gehen nach powdergulch,13
Peter,ist das hier in der nähe,13
Justus,das weißt du nicht peter,14
Peter,ne,14
Justus,der ort ist lokalgeschichtlich berühmt ich habe alles darüber nachgelesen,14
Bob,unterbricht justus die alte verlassene goldgräberstadt die geisterstadt na klar du,14
Bob,brauchst gar keine vorträge zu halten just wir wissen auch so bescheid,14
REGIE,musiksequenz,14
Peter,eine geisterstadt müssen wir da unbedingt hin,14
Justus,peter wir müssen macht sich lustig oder hast du angst,14
Peter,natürlich nicht iich mein ja nur,14
REGIE,musik tritt in den vordergrund,14
Erzähler,was der erste detektiv beschlossen hatte musste durchgeführt werden die vier,14
Erzähler,jungen fuhren auf ihren fahrrädern in die berge schon nach etwa 10 minuten erreichten sie,14
Erzähler,die verlassene goldgräberstadt sie war menschenleer wie bei verlassenen,14
Erzähler,goldgräberstädten nicht anders zu erwarten überraschend war allerdings dass die stadt,14
Erzähler,neu eingezäunt war,14
REGIE,leise musik im hintergrund,14
REGIE,vögel krächzen,14
Peter,verängstigt also unheimlich justus im hintergrund ja ich find es ist unheimlich,14
Peter,hier,14
Bob,ja,14
REGIE,schritte,14
Justus,die stadt wurde um 1890 aufgegeben als das erz abgebaut war,14
Peter,und wir wollen heute noch etwas vorfinden,14
Justus,bestimmt hat es eine zeitung gegeben vielleicht existiert das archiv der zeitung,14
Justus,noch also kommt mit,14
Bob,wieso ist die stadt eigentlich neu eingezäunt worden,14
Cluny,keine ahnung bob,14
Justus,da ist ein lücke im zaun kommt wir klettern durch,14
Peter,bieg mal das brett zur seite dann geht es besser,14
Bob,bin schon dabei brett quiescht knarrt so,14
Justus,peter du siehst dir mit bob die häuser an der linken straßenseite an,14
Bob,okay,14
Justus,cluny und ich nehmen das gefängnis und das stahlgebäude rechts danach,15
Justus,gehen wir in die stadt,15
Cluny,hm,15
Justus,schaut euch um ob irgendetwas zu finden ist das auf eine zeitung hindeutet,15
Peter,oder auf etwas das mit angus gunn zu tun haben könnte also bis später just,15
Peter,komm bob,15
REGIE,musiksequenz,15
REGIE,ende der 1 hälfte,15
REGIE,__________________________________________________________________________,15
REGIE,musiksequenz,15
REGIE,schritte,15
Bob,mal sehen was in dem laden ist sogar die fensterscheiben sind noch heil,15
Peter,mach die tür auf oder ist sie verschlossen,15
Bob,zögert nein sie ist auf türglocken klingeln,15
Peter,mensch sieh mal tür wird geschlossen die regale sind voller waren,15
Bob,als wenn hier nie einer weggezogen wäre hier gibts ja sogar begeistert peter da,15
Bob,auf der theke ein altes kassenbuch,15
Peter,es ist aufgeschlagen buch wird aufgeschlagen hier steht,15
Bob, peter 14 oktober 1872 alfred fox,15
Bob,ja,15
Peter,mal sehen was unter dem 29 oktober steht im buch wird geblättert,15
Bob,der tag an dem angus gunn hier sein wollte hier sieh dir das an volltreffer würd,15
Bob,ich sagen angus gunn phantom lake,15
Peter,200 kubikfuhr schleusenbohlen und stützbalken zwei fass mehl ein fass,15
Peter,rindfleisch vier kisten getrocknete bohnen,15
Bob,verpflegung für eine ganze armee,15
Peter,er hat arbeiter angeheuert und musste sie verpflegen hm  im buch wird,15
Peter,geblättert mehr steht nicht drin lass und gehen,15
Bob,wieso denn vielleicht finden wir noch was,15
Peter,hier bestimmt nicht ich bin froh wenn ich rauskomme mir ist der laden unheimlich,15
REGIE,schritte türglocken klingeln,16
REGIE,wind bläst,16
REGIE,tür wird geschlossen,16
Bob,nichts zu sehen,16
Peter,sie werden im stall sein komm wir gehen in den saloon,16
Bob,okay sieh dir das an auch hier sind die regale voll da stehen gläser sie sind halb,16
Bob,ausgetrunken,16
Peter,verwundert da auf dem tisch liegen spielkarten,16
Bob,als ob vor wenigen minuten noch jemand hier war,16
REGIE,musik aus einem alten klavier ertönt leute sind zu hören,16
Peter,bob was ist das hier ist doch niemand wieso,16
Bob,erschreckt peter da ist doch jemand sieh dir tür sie öffnet sich,16
Stimme,keine bewegung hände hoch,16
Peter,raus hier schnell,16
Bob,nein,16
REGIE,schuss knallt glas zerspringt,16
Justus,peter was ist los,16
Peter,bleib wo du bist justus,16
Stimme,mit dieben und einbrechern machen wir kurzen prozess schuss,16
Bob,vorbei,16
Peter,erschreckt justus mensch,16
Justus,was ist hier los,16
Stimme,keine bewegung hände hoch,16
REGIE,schuss knallt glas zerspringt,16
Justus,los kollegen bis jetzt hat er vorbei geschossen,16
Bob,schnauft,16
Justus,beginnt lauthals zu lachen,16
Bob,bist du verrückt justus lach doch nicht,16
Justus,lachend das ist doch alles gestellt es ist eine puppe mit einem raffinierten,17
Justus,mechanismus und einem tonband im inneren,17
Peter,seufzt erleichtert,17
Justus,alle geräusche werden von band gespielt,17
Stimme,keine bewegung hände hoch,17
REGIE,schuss knallt glas zerspringt,17
Justus,seht ihr jetzt fällts mir wieder ein ich hab ja in der zeitung gelesen dass powder,17
Justus,gulch in seinem ursprünglichen zustand wieder aufgebaut werden soll als turisten,17
Justus,attraktion man kann reiten und geistern begegnen und eine wildwestshow gibt es auch,17
Peter,seufzt erleichtert hab ich einen schreck gekriegt,17
Bob,mir zittern jetzt noch die knie,17
Justus,erheitert verständlich kollegen verständlich aber jetzt weiter im text sehen wir,17
Justus,mal im tagebuch,17
Bob,unterbricht justus vorsicht justus musiksequenz beginnt da kommt javajim,17
Java-Jim,so ist es und jetzt her mit dem buch,17
Justus,nein lassen sie mich,17
Peter,er hat das buch,17
Justus,hinterher wir müssen es ihm wieder abnehmen,17
REGIE,schnaufen,17
Peter,stehen bleiben dieb,17
Cluny,aufgeregt er entwischt uns,17
Justus,da kommt jemand aus dem stall,17
Bob,er hat zwei revolver,17
Peter,eine puppe,17
Justus,javajim erschreckt er fällt über den wassertrog er hat das buch verloren wartet,17
Justus,ich hol es mir,17
Peter,sieht gar nicht schlecht aus die puppe,17
Bob, peter lachen vergnügt,17
Bob,lachend und lachen kann sie auch,17
Bob,verwalter vermeintliche puppe weil sie keine puppe ist lacht,17
Bob,erschreckt was keine puppe,17
Peter,wieso denn,18
Bob,verzweifelt weg hier nein,18
Bob,verwalter beruhigt euch kinder ich bin der verwalter von powder gulch und das hat der,18
Bob,kerl wohl auch gemerkt so und nun erklärt mir mal was ihr hier zu suchen habt,18
Justus,enttäuscht oh schade dass er uns entkommen ist,18
Justus,verwalter ungeduldig was ihr hier treibt vögel krächzen will ich wissen,18
Justus,wir haben ermittelt wir wollen herausfinden was angus gunn 1872 hier in powder,18
Justus,gulch wollte,18
Justus,verwalter gunn und sein schatz aha ich verstehe kommt doch mal mit ins büro,18
Justus,danke sir,18
REGIE,schritte,18
REGIE,verwalter lasst mich mal vorangehen tür wird quietschend geöffnet schritte tür wird,18
REGIE,geschlossen na dann wollen wir mal sehen wo haben wirs denn kurze pause aha,18
REGIE,hier in diesem buch aha,18
Rory,ruft im hintergrund cluny kinder justus bob,18
Cluny,das ist rory ich seh mal nach,18
REGIE,tür wird quietschend geöffnet,18
Cluny,hier sind wir rory hier kurze pause he da ist jemand bei ihm,18
Justus,lass mal sehen ah das ist professor shay er kommt mit hierher hallo professor,18
Justus,shay,18
Professor,shay guten tag liebe kinder na seid ihr bei der wissenschaftlichen arbeit für,18
Professor,euer gemeinschaftsprojekt argyll queen,18
Bob,das könnte man so sagen herr professor wir ermittelt was angus gunn hier in,18
Bob,powder gulch getrieben hat aber wieso sind sie hier,18
Professor,shay ich bin der äh wissenschaftliche berater von powder gulch meint ihr,18
Professor,dass es tatsächlich einen schatz gibt das wäre allerdings eine wissenschaftliche,18
Professor,entdeckung von historischer tragweite,18
Rory,ach du meine güte musiksequenz beginnt noch so ein wirrkopf,18
Professor,ähm wie bitte,18
Rory,ach schon gut ich verschwinde lieber gleich wieder,18
REGIE,musik tritt in den vordergrund,18
Erzähler,professor shay bot großzügige hilfe an er arbeitete mit den jungen das,18
Erzähler,tagebuch durch und erörterte einige wichtige fragen mit ihnen beispielsweise bemühte er,18
Erzähler,sich herauszufinden weshalb javajim so gut bescheid wusste unter dem elften november,19
Erzähler,des jahres 1872 hatte gunn eingetragen zur zypresseninsel gesegelt mit,19
Erzähler,schwerbeladenem boot fast gekentert besitzer der insel ging auf vorschlag ein,19
Bob,zypresseninsel wieso zypresseninsel was hat angus von dort geholt,19
Professor,shay es gibt nur eine insel hier in der nähe auf der zypressen wachsen nur,19
Professor,sie kann er gemeint haben und wenn wir wissen wollen was er von dort geholt hat dann,19
Professor,äh ja dann würde ich sagen fahren wir doch hin und äh ja und sehen uns dort um nicht,19
Professor,wahr,19
Peter,aufgeregt ich weiß welche insel sie meinen herr professor aber die ist,19
Peter,unbewohnt,19
Professor,shay ja aber das macht doch nichts,19
Bob,vielleicht hat angus eine zypresse geholt und als wegweiser für den schatz,19
Bob,aufgestellt,19
Peter,erheitert du spinnst bob,19
Bob,warum eine zypresse kann im nebel richtig geisterhaft aussehen,19
Peter,du spinnst trotzdem,19
Professor,shay kommt kinderlein musiksequenz beginnt zankt euch nicht wir fahren,19
Professor,zur insel,19
REGIE,musik tritt in den vordergrund,19
Erzähler,justus hatte geschwiegen er glaubte nicht daran dass es auf der zypressen,19
Erzähler,insel etwas wichtiges zu entdecken gab und er behielt recht der besuch auf der insel war,19
Erzähler,eine einzige enttäuschung aber auch bob sah sich bestätigt es war neblig und die,19
Erzähler,zypressen sahen geisterhaft aus welche rolle aber spielte die insel für gunn eine harte,19
Erzähler,nuss für die drei fragezeichen sie trafen sich in der zentrale um sich beraten cluny war,19
Erzähler,dabei,19
Bob,was schreibt oldangus sonst noch,19
Justus,dass er beobachtet wurde er fühlte sich bedroht,19
REGIE,papagei krächzt,19
Bob,immerhin ging es um den schatz,19
Justus,hier 5 dezember papagei krächzt nach santa barbara loras überraschung,19
Justus,braucht noch eine zierde etwas hübsches gefunden billig erstanden weil betrieb vor,19
Justus,kurzem völlig ausgebrannt,19
Bob,ausgebrannt das müsste zu klären sein,19
Justus,ja glaub ich auch hier ist noch etwas papagei krächzt von den gebrüdern,19
Justus,ortega erfahren dass mein auftrag fertig ist hm ich hab mich nach diesen ortegas,19
Justus,erkundigt das hab ich euch noch gar nicht gesagt,19
Peter,nein,19
Cluny,was ist mit denen just,20
Justus,die ortegas waren inhaber eines steinbruchs mit einer ziegelei in rockybeach,20
Justus,also hat angus eine ladung ziegel oder steine bei ihnen gekauft papagei krächzt die,20
Justus,firma existiert übrigens noch,20
Bob,ob die die akten von damals noch haben,20
Justus,ja das werden wir erfragen aber vorher müssen wir nach santa barbara ins,20
Justus,stadtarchiv,20
Cluny,du glaubst dort steht wos anfang dezember 1872 gebrannt hat,20
Justus,ja angus spricht von einem betrieb sowas wird vermerkt,20
Peter,ich frage patrick ob er uns hinfährt,20
REGIE,musiksequenz,20
REGIE,vogelgezwitscher im hintergrund,20
Justus,hier ist es ein mr jessy widmer führt das archiv der stadt kommt wir gehen rein,20
Justus,und fragen ihn,20
REGIE,schritte,20
Cluny,klingel mal justus,20
Justus,das hab ich ja grade vor cluny,20
REGIE,klingeln,20
REGIE,musiksequenz leise schritte,20
Bob,habt ihr das gehört da ist jemand weggelaufen,20
REGIE,tür wird geöffnet,20
Peter,die haustür ist ja gar nicht zu mach sie mal weiter auf,20
REGIE,tür quietscht,20
Justus,ruft hallo hallo ist da wer,20
Justus,mrwidmer im hintergrund hilfe hilfe hilfe,20
Bob,da ruft doch jemand seit mal still,20
Bob,mrwidmer verzweifelt helft mir doch,20
Justus,erschrocken tatsächlich da ist jemand in not kommt schnell,20
REGIE,schnelle schritte,20
REGIE,mrwidmer hilfe hilfe ja ja hierher hier her,20
Justus,da muss es sein hinter der tür,21
Cluny,ungeduldig mach doch auf,21
Justus,ich bin ja schon dabei hier ist das archiv,21
Peter,ein alter mann er liegt auf dem boden,21
Bob,ja,21
Peter,da neben dem tisch,21
REGIE,schnaufen,21
REGIE,mrwidmer verzweifelt bitte bitte helft mir doch,21
Justus,sofort sir wollen sie aufstehen,21
Justus,mrwidmer ja auh ich ächzt ja ja äh danke,21
Justus,setzen sie sich auf den stuhl sir,21
Justus,mrwidmer ach ne ach ne danke danke jungs schnauft danke,21
Cluny,was ist denn passiert sind sie überfallen worden,21
Cluny,mrwidmer ein kerl mit einem bart er hatte narben im gesicht eine eine matrosenjacke,21
Cluny,hatte er an die war ihm viel zu groß verwirrt aber wer seid ihr denn was wollt ihr hier,21
Cluny,javajim das muss javajim gewesen sein,21
Cluny,mrwidmer ihr ihr kennt den kerl,21
Justus,vielleicht sir wir ermitteln in einem kriminalfall und brauchen eine auskunft aus,21
Justus,dem stadtarchiv,21
Justus,mrwidmer ja die will ich euch gern geben wenn ihr dafür javajim dingfest macht,21
Justus,was wollte dieser mann von ihnen,21
Justus,mrwidmer ja er er er wollte etwas von einem feuer wissen das in einem,21
Justus,geschäftsbetrieb im jahre 1872 ausgebrochen ist,21
Cluny,und was haben sie javajim gesagt,21
Cluny,mrwidmer ha ich kam nicht dazu ihm etwas zu sagen er trat so unverschämt auf dass,21
Cluny,ich dass ich ihn zurechtwies da fiel der kerl über mich her und schlug mit nieder dann hat,21
Cluny,er sich den abschnitt selbst aus dem archiv geholt,21
Justus,selbst und er hat ihn mitgenommen na wissen sie was darin stand,21
Justus,mrwidmer aach das kann ich herausfinden,21
Cluny,begeistert wirklich würden sie es versuchen,21
Cluny,mrwidmer ja ich habe alles auf mikrofilm aufgenommen also gebt mir doch mal den,22
Cluny,kasten da her ja ja ja ja den da,22
REGIE,lesegerät wird aufgehoben,22
Bob,bitte,22
Bob,mrwidmer danke so jetzt wollen wir mal sehen knarren hm fröhlich ja lacht,22
Bob,hier ist die kassette jahrgang 1872 steckt sie mal in das lesegerät,22
Justus,gern,22
REGIE,kassette wird hineingesteckt,22
REGIE,mrwidmer so ist es richtig ausgezeichnet ah moment moment fröhlich da da ist ja,22
REGIE,schon was ja ja bei wright  söhne hats gebrannt schiffszubehör engros ein feuer,22
REGIE,vernichtete das lagerhaus,22
Justus,gibt es die firma noch,22
Justus,mrwidmer lacht ja ja die gibts noch,22
Cluny,dann nichts wie hin,22
Justus,und vielen dank noch mrwidmer sollen wir einen arzt rufen oder die polizei,22
Justus,mrwidmer fröhlich danke danke jungs das mach ich schon selbst es würde mich,22
Justus,freuen wenn ihr diesem javajim zuvorkommt,22
Justus,danke sir wir werden uns die größte mühe geben,22
REGIE,schritte umgebungsgeräusche,22
Bob,mensch da ist der grüne vw wieder,22
Peter,und da der fahrer er läuft zum wagen,22
Justus,wütend er hat uns belauscht los wir versuchen ihn aufzuhalten ich muss wissen,22
Justus,wer das ist lauft,22
REGIE,musiksequenz,22
Peter,he sie warten sie,22
REGIE,schnaufen,22
Bob,verflucht,22
Justus,er haut ab naja es war ja auch nichts anderes zu erwarten,22
Peter,enttäuscht jetzt wissen wir wieder nicht wer das ist und was er mit dem fall zu tun,22
Peter,hat,22
REGIE,musik,22
Erzähler,die zeit drängte daher trennten die vier jungen sich justus und cluny fuhren zu,23
Wright,und söhne hier fanden sie heraus dass gunn ein messingschild gekauft hatte peter,23
Wright,und bob befragten den inhaber der firma ortega dieser bat sie im steinbruchbüro,23
Wright,nachzusehen das weit außerhalb der stadt lag er war überzeugt dass es dort noch,23
Wright,unterlagen über den geschäftsvorgang gab bei dem gunn ziegel oder steine gekauft hatte,23
REGIE,schritte wind bläst,23
Bob,enttäuscht wir kommen zu spät es ist niemand mehr im steinbruch,23
Peter,hm na vielleicht noch bei der hütte los wir sehen nach,23
REGIE,schritte,23
REGIE,musiksequenz,23
Bob,alle fensterläden sind geschlossen und verriegelt,23
Peter,irrtum das fenster da nicht,23
Bob,ja,23
Peter,komm wir steigen ein mrortega hat es uns ja erlaubt wir dürfen uns hier umsehen,23
Bob,gern tu ich es nicht,23
REGIE,musik tritt in den vordergrund,23
Erzähler,justus und cluny kehrten zum haus am phantom lake zurück wo sie professor,23
Erzähler,shay trafen patrick fuhr zum steinbruch um bob und peter zu holen professor shay sah,23
Erzähler,den grünen vw in der nähe des hauses auftauchen er ärgerte sich deutlich über ihn,23
Professor,shay angewidert ach dieser schreckliche stebbins,23
Justus,sie kennen den mann,23
Professor,shay ach und ob stebbins war zögert assistent bei mir er wurde straffällig,23
Professor,und ich musste ihn leider entlassen er ist stellt euch vor er ist ein dieb ein ein einbrecher,23
Professor,offensichtlich versucht er an den schatz zu kommen aber das wird im nicht gelingen motor,23
Professor,brummt oh da kommt patrick ja schon mit peter und bob das ging ja schnell ha ja,23
Justus,hallo peter und bob habt ihr etwas herausgefunden,23
Peter,erfreut das kann man wohl sagen angus gunn hat zehn steinquader im,23
Peter,gesamtgewicht von mehr als einer tonne gekauft,23
Bob,ja,23
Cluny,verwundert meine güte was wollte er mit so viel steinen,23
Peter,ich glaube ich weiß es er hat doch bergleute angeheuert bestimmt hat er mit ihnen,23
Peter,eine unterirdische kammer für den schatz gebaut,23
Justus,überlegt das wäre möglich morgen suchen wir die gegend nach einer grotte,23
Justus,oder einer höhle ab jetzt ist es zu spät es wird ja schon dunkel,23
REGIE,musiksequenz,24
Professor,shay ja das ist richtig hm wir warten am besten bis morgen der der schatz,24
Professor,läuft uns ja nicht weg nicht wahr gute nacht,24
Peter,gute nacht herr professor,24
Justus,gute nacht herr professor,24
Bob,gute nacht,24
REGIE,musik tritt in den vordergrund,24
Erzähler,oh nein von selbst weglaufen kann ein schatz natürlich nicht aber ob,24
Professor,shay und justus einkalkuliert haben dass ein dieb ihm gewissermaßen im schutz,24
Professor,der dunkelheit beine machen könnte mrsgunn erlaubte den drei fragezeichen im haus zu,24
Professor,übernachten regen prasselt draußen mitten in der nacht fuhr justus aus dem schlaf hoch,24
Professor,es regnete in strömen,24
Justus,he peter bob aufwachen,24
Peter,müde gähnt was ist denn,24
Bob,müde genervt was ist los,24
Justus,begeistert hört zu ich weiß wo der schatz ist,24
Cluny,verwundert was du spinnst wohl,24
Bob,und das mitten in der nacht,24
Justus,ungeduldig ich weiß was ich sage hört zu warum hat angus wohl schleusenholz,24
Justus,gekauft,24
Peter,nun sag schon ich bin noch nicht wach genug zum denken,24
Justus,weil schleusenholz so zurechtgesägt ist dass man damit wasserdicht arbeiten,24
Justus,kann in einer schleuse beispielsweise,24
Bob,du meinst oldangus hat eine schleuse gebaut,24
Justus,nein aber eine grube mitten im teich,24
Peter,die insel wir haben immer angenommen dass angus die insel im teich schon,24
Peter,vorgefunden hat,24
Justus,hat er aber nicht sie war die überraschung für lora er hat sie für lora gebaut,24
Bob,achso,24
Justus,er setze eine schifffahrtslaterne auf einen mast als leuchtfeuer,24
Bob,du meinst also er hat gar kein messingschild bei wright  söhne gekauft sondern,24
Bob,eine laterne,24
Justus,genau und eine zypresse pflanzte er als sinnbild für die phantomlegende er,25
Justus,baute also eine miniaturnachbildung dessen was er in seiner schottischen heimat so,25
Justus,geliebt hatte,25
Peter,aufgeregt dann als der kapitän der argyll queen hier auftauchte benutzte angus,25
Peter,die insel als versteck für den schatz,25
Justus,richtig,25
Bob,du hast es geschafft just nur eins ist mir noch unklar,25
Justus,na,25
Bob,was hat oldangus gemeint als er schreib das geheimnis sei in einem spiegel zu,25
Bob,sehen,25
Peter,na vielleicht sollte die wasserfläche den spiegel darstellen,25
Justus,nein ich glaube es ist anders die zypresse hat doch verkrüppelte arme die sind,25
Justus,wie ein wegweiser und wenn man die in einem spiegel sieht,25
Peter,unterbricht justus dann zeigen sie in die andere richtung,25
Justus,kommt kollegen wir müssen zum teich,25
REGIE,musiksequenz,25
REGIE,schritte,25
Justus,endlich hört es auf zu regnen,25
Bob,wird auch zeit just,25
Cluny,aufgeregt fröhlich he freunde das ist die zypresse sie sieht tatsächlich aus wie,25
Cluny,ein wegweiser,25
Justus,sie zeigt nach süden wenn wir sie im spiegel sehen und alles umdrehen müsste,25
Justus,das versteck im norden zu finden sein kommt schnell,25
Cluny,wieso schnell just der schatz läuft uns doch nicht weg,25
Justus,beunruhigt ich hab da so eine ahnung cluny los schneller,25
REGIE,schnaufen schnelle schritte,25
Peter,da vorne bei den büschen muss es sein,25
Justus,ja,25
Bob,enttäuscht es war schon jemand da seht doch die äste sind zerbrochen,25
Justus,wirft ein ja,25
REGIE,musiksequenz,25
Cluny,und da ist eine grube sie ist leer,25
Bob,javajim er hat den schatz,26
Peter,da kommt jemand,26
REGIE,schritte,26
Rory,he cluny bist du da,26
Bob,rory wieso ist er hier ist er etwa javajim,26
Justus,dann hat er jetzt den schatz und,26
Rory,unterbricht justus verwirrt was habe ich,26
Cluny,da kommt noch jemand,26
Justus,professor shay,26
Professor,shay erleichtert gott sei dank ich dachte schon euch sei etwas passiert äh,26
Professor,ist es du meine güte hier also hier war der schatz tja die grube ist leer wütend hat,26
Professor,hat javajim etwa den schatz gestohlen,26
Justus,nachdenklich anzunehmen fragt sich nur wer javajim ist ich glaube nämlich,26
Justus,dass er immer in einer maske aufgetreten ist,26
Professor,shay tja ja ja ja das wäre möglich aber ja aber wer ist es,26
Justus,das weiß ich leider auch nicht wann sind sie denn angekommen,26
Professor,shay nun vor wenigen minuten,26
REGIE,regen prasselt inzwischen wieder,26
Rory,gebt es auf ihr narren es fängt wieder an zu regnen,26
Professor,shay ah das ist pech sicherlich wird die polizei den fall klären,26
Rory,kommt ins haus frühstücken,26
Professor,shay na ich fahre zurück nach rockybeach ins äh in mein institut,26
Justus,okay aber vielleicht beantworten sie mir vorher noch eine frage,26
Professor,shay gern äh wenn ich kann,26
Justus,javajim ist ein sonderbarer zeitgenosse er gibt sich den anschein des,26
Justus,ortsfremden kennt sich aber tatsächlich sehr gut aus kaum war bob im historischen,26
Justus,forschungsinstitut als jim auch schon zum schrottplatz kam,26
Bob,das stimmt,26
Justus,javajim brach bei mrwidmer ein noch bevor wir da waren wieso eigentlich,26
Professor,shay ja aber woher sollte ich das wissen mein junge,26
Justus,weil ich glaube dass sie javajim sind professor,27
Professor,shay lacht welch ein unsinn lachend nein,27
Justus,javajim tauchte in der geisterstadt auf kurz darauf waren sie da niemand weiß,27
Justus,so gut mit der geschichte dieser gegend bescheid wie sie,27
Professor,shay höhnisch ja wenn du meinst,27
Rory,trotzig das geht zu weit justus du pseudokriminalist,27
Justus,selbstsicher überhaupt nicht rory der professor hat nämlich einen schweren,27
Justus,fehler gemacht er hat behauptet erst vor wenigen minuten hier angekommen zu sein,27
Professor,shay unschuldig ja das stimmt auch,27
Justus,na dann seht doch mal unter sein auto peter im hintergrund häh es hat seit,27
Justus,stunden geregnet unter dem auto aber ist die straße trocken,27
Bob,ja,27
Justus,das beweist dass das auto schon seit vielen stunden hier steht,27
Rory,hm verdammt das ist wahr,27
REGIE,musiksequenz,27
Justus,professor shay alias javajim hat die zeit genutzt den schatz zu stehlen danach,27
Justus,ist er zurückgekommen um uns zu täuschen,27
Peter,verwundert mensch,27
Professor,shay lacht das könnt ihr mir das könnt ihr mir niemals beweisen,27
Justus,rory sieh doch mal im wagen nach ob der schatz drin ist,27
Professor,shay das kommt überhaupt nicht stimme wird lauter und deutlicher lässt,27
Professor,nun erkennen dass er javajim ist in frage ich,27
REGIE,schnelle schritte,27
Justus,rory halten sie ihn,27
Professor,shay lasst mich los ich äh,27
REGIE,schnaufen schnelle schritte,27
Rory,er ist mir entwischt,27
Peter,seufzt enttäuscht,27
Bob,da ist noch jemand,27
Justus,das ist der mann aus dem grünen vw er bringt shay zurück,27
REGIE,schritte,27
Stebbins,guten morgen mein name ist stebbins ich war assistent bei diesem sauberen,28
Stebbins,professor der mit einer falschen aussage dafür gesorgt hat dass ich ins gefängnis kam,28
Justus,das wird die polizei klären mrstebbins zunächst danken wir ihnen dass sie den,28
Professor,festgehalten haben,28
Peter,ungeduldig rory sehen sie doch bitte endlich im wagen nach,28
Rory,bin ja schon dabei peter schritte mal sehen ob äh kofferraum wird geöffnet,28
Rory,hey pfeift staunend seht euch das an,28
Bob,fröhlich ein schatz gold silber diamanten,28
REGIE,donner,28
Peter,fröhlich ach es gibt ihn also wirklich,28
Justus,der schatz,28
Bob,wirft ein staunend das ist groß,28
Justus,fröhlich wir haben ihn gefunden,28
Peter,wirft ein fröhlich mensch ist der groß,28
Rory,freundlich da hab ich euch verdammt unrecht getan justus ich gratuliere,28
Justus,danke rory,28
Rory,und jetzt wartet ich renne mal eben rüber zum haus uns telefoniere mit der polizei,28
Rory,wir wollen den sauberen professor in sein neues zuhause schicken ins gefängnis,28
Professor,shay zornig das werdet ihr mir büßen ich schwöre euch das werdet ihr,28
Professor,büßen,28
Justus,schadenfroh irrtum javajim und professor büßen wird nur einer und das sind,28
Justus,sie,28
Peter,hinter gittern,28
REGIE,polizeisirene heult,28
Bob,verwundert die polizei kommt schon wieso denn das,28
Stebbins,dafür habe ich gesorgt ich habe den professor schon eine ganze zeit,28
Stebbins,beobachtet als er heute um mitternacht losfuhr habe ich mir gleich gedacht dass da etwas,28
Stebbins,faul ist ich bin ihm gefolgt,28
REGIE,polizeiwagen fährt herbei,28
Bob,und dann haben sie die polizei gerufen,28
Stebbins,da noch nicht erst als ich sah dass shay eine kiste ins auto stellte das war,28
Stebbins,kurz bevor ihr aus dem haus kamt,28
Justus,und dann sind sie ins haus von mrsgunn gegangen und haben von dort aus,29
Justus,telefoniert,29
REGIE,autotür wird geöffnet,29
Stebbins,das hab ich getan autotür wird zugeschlagen hoffentlich verzeiht ihr mit das,29
Cluny,fröhlich darauf können sie sich verlassen mrstebbins musiksequenz beginnt,29
Cluny,nur sagen sie meiner mutter nichts sonst fällt sie jetzt noch in ohnmacht,29
Cluny,justus peter bob lachen,29
REGIE,schlussmelodie,29
